[     391ms] [INFO] Download the React DevTools for a better development experience: https://react.dev/link/react-devtools @ http://localhost:5173/node_modules/.vite/deps/react-dom_client.js?v=ac28f7ea:20102
[     417ms] [TIMESTAMP] Blocking Track @ http://localhost:5173/node_modules/.vite/deps/react-dom_client.js?v=ac28f7ea:12095
[     417ms] [TIMESTAMP] Transition Track @ http://localhost:5173/node_modules/.vite/deps/react-dom_client.js?v=ac28f7ea:12102
[     418ms] [TIMESTAMP] Suspense Track @ http://localhost:5173/node_modules/.vite/deps/react-dom_client.js?v=ac28f7ea:12109
[     418ms] [TIMESTAMP] Idle Track @ http://localhost:5173/node_modules/.vite/deps/react-dom_client.js?v=ac28f7ea:12116
[     418ms] [LOG] 🚀 App component rendering @ http://localhost:5173/src/App.tsx?t=1775421417724:10
[     418ms] [LOG] 📄 Current page: tasks @ http://localhost:5173/src/App.tsx?t=1775421417724:16
[     418ms] [LOG] 🚀 App component rendering @ http://localhost:5173/src/App.tsx?t=1775421417724:10
[     418ms] [LOG] 📄 Current page: tasks @ http://localhost:5173/src/App.tsx?t=1775421417724:16
[     430ms] [TIMESTAMP] Render @ http://localhost:5173/node_modules/.vite/deps/react-dom_client.js?v=ac28f7ea:3314
[     443ms] [TIMESTAMP] Waiting for Paint @ http://localhost:5173/node_modules/.vite/deps/react-dom_client.js?v=ac28f7ea:13132
[     443ms] [TIMESTAMP] App @ http://localhost:5173/node_modules/.vite/deps/react-dom_client.js?v=ac28f7ea:3200
[     443ms] [TIMESTAMP] Sidebar @ http://localhost:5173/node_modules/.vite/deps/react-dom_client.js?v=ac28f7ea:3200
[     443ms] [TIMESTAMP] CalendarRange @ http://localhost:5173/node_modules/.vite/deps/react-dom_client.js?v=ac28f7ea:3200
[     444ms] [TIMESTAMP] ForwardRef @ http://localhost:5173/node_modules/.vite/deps/react-dom_client.js?v=ac28f7ea:3200
[     444ms] [TIMESTAMP] ChevronRight @ http://localhost:5173/node_modules/.vite/deps/react-dom_client.js?v=ac28f7ea:3200
[     444ms] [TIMESTAMP] ForwardRef @ http://localhost:5173/node_modules/.vite/deps/react-dom_client.js?v=ac28f7ea:3200
[     444ms] [TIMESTAMP] ListTodo @ http://localhost:5173/node_modules/.vite/deps/react-dom_client.js?v=ac28f7ea:3200
[     444ms] [TIMESTAMP] ForwardRef @ http://localhost:5173/node_modules/.vite/deps/react-dom_client.js?v=ac28f7ea:3200
[     444ms] [TIMESTAMP] LayoutDashboard @ http://localhost:5173/node_modules/.vite/deps/react-dom_client.js?v=ac28f7ea:3200
[     444ms] [TIMESTAMP] ForwardRef @ http://localhost:5173/node_modules/.vite/deps/react-dom_client.js?v=ac28f7ea:3200
[     444ms] [TIMESTAMP] TasksPage @ http://localhost:5173/node_modules/.vite/deps/react-dom_client.js?v=ac28f7ea:3200
[     444ms] [TIMESTAMP] Remaining Effects @ http://localhost:5173/node_modules/.vite/deps/react-dom_client.js?v=ac28f7ea:13177
[   26597ms] [TIMESTAMP] Blocking Track @ http://localhost:5173/node_modules/.vite/deps/react-dom_client.js?v=ac28f7ea:12095
[   26597ms] [TIMESTAMP] Transition Track @ http://localhost:5173/node_modules/.vite/deps/react-dom_client.js?v=ac28f7ea:12102
[   26597ms] [TIMESTAMP] Suspense Track @ http://localhost:5173/node_modules/.vite/deps/react-dom_client.js?v=ac28f7ea:12109
[   26597ms] [TIMESTAMP] Idle Track @ http://localhost:5173/node_modules/.vite/deps/react-dom_client.js?v=ac28f7ea:12116
[   26597ms] [TIMESTAMP] Event: click @ http://localhost:5173/node_modules/.vite/deps/react-dom_client.js?v=ac28f7ea:12196
[   26610ms] [TIMESTAMP] Render @ http://localhost:5173/node_modules/.vite/deps/react-dom_client.js?v=ac28f7ea:3314
[   26619ms] [TIMESTAMP] Commit @ http://localhost:5173/node_modules/.vite/deps/react-dom_client.js?v=ac28f7ea:12955
[   26620ms] [TIMESTAMP] TasksPage @ http://localhost:5173/node_modules/.vite/deps/react-dom_client.js?v=ac28f7ea:3200
[   26620ms] [TIMESTAMP] TaskModal @ http://localhost:5173/node_modules/.vite/deps/react-dom_client.js?v=ac28f7ea:3200
[   26620ms] [TIMESTAMP] X @ http://localhost:5173/node_modules/.vite/deps/react-dom_client.js?v=ac28f7ea:3200
[   26620ms] [TIMESTAMP] ForwardRef @ http://localhost:5173/node_modules/.vite/deps/react-dom_client.js?v=ac28f7ea:3200
[   26620ms] [TIMESTAMP] DateRangePicker @ http://localhost:5173/node_modules/.vite/deps/react-dom_client.js?v=ac28f7ea:3200
[   26621ms] [TIMESTAMP] DateRangePicker @ http://localhost:5173/node_modules/.vite/deps/react-dom_client.js?v=ac28f7ea:3291
[   26621ms] [TIMESTAMP] ChevronRight @ http://localhost:5173/node_modules/.vite/deps/react-dom_client.js?v=ac28f7ea:3200
[   26621ms] [TIMESTAMP] ForwardRef @ http://localhost:5173/node_modules/.vite/deps/react-dom_client.js?v=ac28f7ea:3200
[   26621ms] [TIMESTAMP] TaskModal @ http://localhost:5173/node_modules/.vite/deps/react-dom_client.js?v=ac28f7ea:3291
[   26621ms] [TIMESTAMP] Remaining Effects @ http://localhost:5173/node_modules/.vite/deps/react-dom_client.js?v=ac28f7ea:13177
[   53339ms] [TIMESTAMP] Blocking Track @ http://localhost:5173/node_modules/.vite/deps/react-dom_client.js?v=ac28f7ea:12095
[   53339ms] [TIMESTAMP] Transition Track @ http://localhost:5173/node_modules/.vite/deps/react-dom_client.js?v=ac28f7ea:12102
[   53340ms] [TIMESTAMP] Suspense Track @ http://localhost:5173/node_modules/.vite/deps/react-dom_client.js?v=ac28f7ea:12109
[   53340ms] [TIMESTAMP] Idle Track @ http://localhost:5173/node_modules/.vite/deps/react-dom_client.js?v=ac28f7ea:12116
[   53340ms] [TIMESTAMP] Event: input @ http://localhost:5173/node_modules/.vite/deps/react-dom_client.js?v=ac28f7ea:12196
[   53347ms] [TIMESTAMP] Render @ http://localhost:5173/node_modules/.vite/deps/react-dom_client.js?v=ac28f7ea:3314
[   53349ms] [TIMESTAMP] Commit @ http://localhost:5173/node_modules/.vite/deps/react-dom_client.js?v=ac28f7ea:12955
[   53349ms] [TIMESTAMP] Waiting @ http://localhost:5173/node_modules/.vite/deps/react-dom_client.js?v=ac28f7ea:13132
[   53350ms] [TIMESTAMP] TaskModal @ http://localhost:5173/node_modules/.vite/deps/react-dom_client.js?v=ac28f7ea:3200
[   58952ms] [TIMESTAMP] Blocking Track @ http://localhost:5173/node_modules/.vite/deps/react-dom_client.js?v=ac28f7ea:12095
[   58953ms] [TIMESTAMP] Transition Track @ http://localhost:5173/node_modules/.vite/deps/react-dom_client.js?v=ac28f7ea:12102
[   58953ms] [TIMESTAMP] Suspense Track @ http://localhost:5173/node_modules/.vite/deps/react-dom_client.js?v=ac28f7ea:12109
[   58953ms] [TIMESTAMP] Idle Track @ http://localhost:5173/node_modules/.vite/deps/react-dom_client.js?v=ac28f7ea:12116
[   58953ms] [TIMESTAMP] Event: click @ http://localhost:5173/node_modules/.vite/deps/react-dom_client.js?v=ac28f7ea:12196
[   58967ms] [TIMESTAMP] Render @ http://localhost:5173/node_modules/.vite/deps/react-dom_client.js?v=ac28f7ea:3314
[   58967ms] [TIMESTAMP] Commit @ http://localhost:5173/node_modules/.vite/deps/react-dom_client.js?v=ac28f7ea:12955
[   58968ms] [TIMESTAMP] DateRangePicker @ http://localhost:5173/node_modules/.vite/deps/react-dom_client.js?v=ac28f7ea:3200
[   58968ms] [TIMESTAMP] DayPicker @ http://localhost:5173/node_modules/.vite/deps/react-dom_client.js?v=ac28f7ea:3200
[   58968ms] [TIMESTAMP] Root @ http://localhost:5173/node_modules/.vite/deps/react-dom_client.js?v=ac28f7ea:3200
[   58968ms] [TIMESTAMP] Months @ http://localhost:5173/node_modules/.vite/deps/react-dom_client.js?v=ac28f7ea:3200
[   58968ms] [TIMESTAMP] Nav @ http://localhost:5173/node_modules/.vite/deps/react-dom_client.js?v=ac28f7ea:3200
[   58968ms] [TIMESTAMP] PreviousMonthButton @ http://localhost:5173/node_modules/.vite/deps/react-dom_client.js?v=ac28f7ea:3200
[   58968ms] [TIMESTAMP] Button @ http://localhost:5173/node_modules/.vite/deps/react-dom_client.js?v=ac28f7ea:3200
[   58969ms] [TIMESTAMP] Chevron @ http://localhost:5173/node_modules/.vite/deps/react-dom_client.js?v=ac28f7ea:3200
[   58969ms] [TIMESTAMP] NextMonthButton @ http://localhost:5173/node_modules/.vite/deps/react-dom_client.js?v=ac28f7ea:3200
[   58969ms] [TIMESTAMP] Month @ http://localhost:5173/node_modules/.vite/deps/react-dom_client.js?v=ac28f7ea:3200
[   58969ms] [TIMESTAMP] MonthCaption @ http://localhost:5173/node_modules/.vite/deps/react-dom_client.js?v=ac28f7ea:3200
[   58969ms] [TIMESTAMP] MonthGrid @ http://localhost:5173/node_modules/.vite/deps/react-dom_client.js?v=ac28f7ea:3200
[   58969ms] [TIMESTAMP] Weekdays @ http://localhost:5173/node_modules/.vite/deps/react-dom_client.js?v=ac28f7ea:3200
[   58969ms] [TIMESTAMP] Weeks @ http://localhost:5173/node_modules/.vite/deps/react-dom_client.js?v=ac28f7ea:3200
[   58969ms] [TIMESTAMP] Week @ http://localhost:5173/node_modules/.vite/deps/react-dom_client.js?v=ac28f7ea:3200
[   58969ms] [TIMESTAMP] Day @ http://localhost:5173/node_modules/.vite/deps/react-dom_client.js?v=ac28f7ea:3200
[   58969ms] [TIMESTAMP] DayButton @ http://localhost:5173/node_modules/.vite/deps/react-dom_client.js?v=ac28f7ea:3200
[   58969ms] [TIMESTAMP] Day @ http://localhost:5173/node_modules/.vite/deps/react-dom_client.js?v=ac28f7ea:3200
[   58969ms] [TIMESTAMP] DayButton @ http://localhost:5173/node_modules/.vite/deps/react-dom_client.js?v=ac28f7ea:3200
[   58969ms] [TIMESTAMP] Day @ http://localhost:5173/node_modules/.vite/deps/react-dom_client.js?v=ac28f7ea:3200
[   58969ms] [TIMESTAMP] DayButton @ http://localhost:5173/node_modules/.vite/deps/react-dom_client.js?v=ac28f7ea:3200
[   58970ms] [TIMESTAMP] Day @ http://localhost:5173/node_modules/.vite/deps/react-dom_client.js?v=ac28f7ea:3200
[   58970ms] [TIMESTAMP] DayButton @ http://localhost:5173/node_modules/.vite/deps/react-dom_client.js?v=ac28f7ea:3200
[   58970ms] [TIMESTAMP] Day @ http://localhost:5173/node_modules/.vite/deps/react-dom_client.js?v=ac28f7ea:3200
[   58970ms] [TIMESTAMP] DayButton @ http://localhost:5173/node_modules/.vite/deps/react-dom_client.js?v=ac28f7ea:3200
[   58970ms] [TIMESTAMP] Day @ http://localhost:5173/node_modules/.vite/deps/react-dom_client.js?v=ac28f7ea:3200
[   58970ms] [TIMESTAMP] DayButton @ http://localhost:5173/node_modules/.vite/deps/react-dom_client.js?v=ac28f7ea:3200
[   58970ms] [TIMESTAMP] Day @ http://localhost:5173/node_modules/.vite/deps/react-dom_client.js?v=ac28f7ea:3200
[   58970ms] [TIMESTAMP] DayButton @ http://localhost:5173/node_modules/.vite/deps/react-dom_client.js?v=ac28f7ea:3200
[   58970ms] [TIMESTAMP] Week @ http://localhost:5173/node_modules/.vite/deps/react-dom_client.js?v=ac28f7ea:3200
[   58970ms] [TIMESTAMP] Day @ http://localhost:5173/node_modules/.vite/deps/react-dom_client.js?v=ac28f7ea:3200
[   58970ms] [TIMESTAMP] DayButton @ http://localhost:5173/node_modules/.vite/deps/react-dom_client.js?v=ac28f7ea:3200
[   58971ms] [TIMESTAMP] Day @ http://localhost:5173/node_modules/.vite/deps/react-dom_client.js?v=ac28f7ea:3200
[   58971ms] [TIMESTAMP] DayButton @ http://localhost:5173/node_modules/.vite/deps/react-dom_client.js?v=ac28f7ea:3200
[   58971ms] [TIMESTAMP] Day @ http://localhost:5173/node_modules/.vite/deps/react-dom_client.js?v=ac28f7ea:3200
[   58971ms] [TIMESTAMP] DayButton @ http://localhost:5173/node_modules/.vite/deps/react-dom_client.js?v=ac28f7ea:3200
[   58971ms] [TIMESTAMP] Day @ http://localhost:5173/node_modules/.vite/deps/react-dom_client.js?v=ac28f7ea:3200
[   58971ms] [TIMESTAMP] DayButton @ http://localhost:5173/node_modules/.vite/deps/react-dom_client.js?v=ac28f7ea:3200
[   58971ms] [TIMESTAMP] Day @ http://localhost:5173/node_modules/.vite/deps/react-dom_client.js?v=ac28f7ea:3200
[   58971ms] [TIMESTAMP] DayButton @ http://localhost:5173/node_modules/.vite/deps/react-dom_client.js?v=ac28f7ea:3200
[   58971ms] [TIMESTAMP] Day @ http://localhost:5173/node_modules/.vite/deps/react-dom_client.js?v=ac28f7ea:3200
[   58971ms] [TIMESTAMP] DayButton @ http://localhost:5173/node_modules/.vite/deps/react-dom_client.js?v=ac28f7ea:3200
[   58971ms] [TIMESTAMP] Day @ http://localhost:5173/node_modules/.vite/deps/react-dom_client.js?v=ac28f7ea:3200
[   58971ms] [TIMESTAMP] DayButton @ http://localhost:5173/node_modules/.vite/deps/react-dom_client.js?v=ac28f7ea:3200
[   58971ms] [TIMESTAMP] Week @ http://localhost:5173/node_modules/.vite/deps/react-dom_client.js?v=ac28f7ea:3200
[   58973ms] [TIMESTAMP] Day @ http://localhost:5173/node_modules/.vite/deps/react-dom_client.js?v=ac28f7ea:3200
[   58973ms] [TIMESTAMP] DayButton @ http://localhost:5173/node_modules/.vite/deps/react-dom_client.js?v=ac28f7ea:3200
[   58973ms] [TIMESTAMP] Day @ http://localhost:5173/node_modules/.vite/deps/react-dom_client.js?v=ac28f7ea:3200
[   58973ms] [TIMESTAMP] DayButton @ http://localhost:5173/node_modules/.vite/deps/react-dom_client.js?v=ac28f7ea:3200
[   58973ms] [TIMESTAMP] Day @ http://localhost:5173/node_modules/.vite/deps/react-dom_client.js?v=ac28f7ea:3200
[   58973ms] [TIMESTAMP] DayButton @ http://localhost:5173/node_modules/.vite/deps/react-dom_client.js?v=ac28f7ea:3200
[   58973ms] [TIMESTAMP] Day @ http://localhost:5173/node_modules/.vite/deps/react-dom_client.js?v=ac28f7ea:3200
[   58973ms] [TIMESTAMP] DayButton @ http://localhost:5173/node_modules/.vite/deps/react-dom_client.js?v=ac28f7ea:3200
[   58973ms] [TIMESTAMP] Day @ http://localhost:5173/node_modules/.vite/deps/react-dom_client.js?v=ac28f7ea:3200
[   58973ms] [TIMESTAMP] DayButton @ http://localhost:5173/node_modules/.vite/deps/react-dom_client.js?v=ac28f7ea:3200
[   58973ms] [TIMESTAMP] Day @ http://localhost:5173/node_modules/.vite/deps/react-dom_client.js?v=ac28f7ea:3200
[   58973ms] [TIMESTAMP] DayButton @ http://localhost:5173/node_modules/.vite/deps/react-dom_client.js?v=ac28f7ea:3200
[   58973ms] [TIMESTAMP] Day @ http://localhost:5173/node_modules/.vite/deps/react-dom_client.js?v=ac28f7ea:3200
[   58973ms] [TIMESTAMP] DayButton @ http://localhost:5173/node_modules/.vite/deps/react-dom_client.js?v=ac28f7ea:3200
[   58973ms] [TIMESTAMP] Week @ http://localhost:5173/node_modules/.vite/deps/react-dom_client.js?v=ac28f7ea:3200
[   58973ms] [TIMESTAMP] Day @ http://localhost:5173/node_modules/.vite/deps/react-dom_client.js?v=ac28f7ea:3200
[   58974ms] [TIMESTAMP] DayButton @ http://localhost:5173/node_modules/.vite/deps/react-dom_client.js?v=ac28f7ea:3200
[   58974ms] [TIMESTAMP] Day @ http://localhost:5173/node_modules/.vite/deps/react-dom_client.js?v=ac28f7ea:3200
[   58974ms] [TIMESTAMP] DayButton @ http://localhost:5173/node_modules/.vite/deps/react-dom_client.js?v=ac28f7ea:3200
[   58974ms] [TIMESTAMP] Day @ http://localhost:5173/node_modules/.vite/deps/react-dom_client.js?v=ac28f7ea:3200
[   58974ms] [TIMESTAMP] DayButton @ http://localhost:5173/node_modules/.vite/deps/react-dom_client.js?v=ac28f7ea:3200
[   58975ms] [TIMESTAMP] Day @ http://localhost:5173/node_modules/.vite/deps/react-dom_client.js?v=ac28f7ea:3200
[   58975ms] [TIMESTAMP] DayButton @ http://localhost:5173/node_modules/.vite/deps/react-dom_client.js?v=ac28f7ea:3200
[   58975ms] [TIMESTAMP] Day @ http://localhost:5173/node_modules/.vite/deps/react-dom_client.js?v=ac28f7ea:3200
[   58975ms] [TIMESTAMP] DayButton @ http://localhost:5173/node_modules/.vite/deps/react-dom_client.js?v=ac28f7ea:3200
[   58975ms] [TIMESTAMP] Day @ http://localhost:5173/node_modules/.vite/deps/react-dom_client.js?v=ac28f7ea:3200
[   58975ms] [TIMESTAMP] DayButton @ http://localhost:5173/node_modules/.vite/deps/react-dom_client.js?v=ac28f7ea:3200
[   58975ms] [TIMESTAMP] Day @ http://localhost:5173/node_modules/.vite/deps/react-dom_client.js?v=ac28f7ea:3200
[   58975ms] [TIMESTAMP] DayButton @ http://localhost:5173/node_modules/.vite/deps/react-dom_client.js?v=ac28f7ea:3200
[   58975ms] [TIMESTAMP] Week @ http://localhost:5173/node_modules/.vite/deps/react-dom_client.js?v=ac28f7ea:3200
[   58975ms] [TIMESTAMP] Day @ http://localhost:5173/node_modules/.vite/deps/react-dom_client.js?v=ac28f7ea:3200
[   58975ms] [TIMESTAMP] DayButton @ http://localhost:5173/node_modules/.vite/deps/react-dom_client.js?v=ac28f7ea:3200
[   58975ms] [TIMESTAMP] Day @ http://localhost:5173/node_modules/.vite/deps/react-dom_client.js?v=ac28f7ea:3200
[   58975ms] [TIMESTAMP] DayButton @ http://localhost:5173/node_modules/.vite/deps/react-dom_client.js?v=ac28f7ea:3200
[   58975ms] [TIMESTAMP] Day @ http://localhost:5173/node_modules/.vite/deps/react-dom_client.js?v=ac28f7ea:3200
[   58975ms] [TIMESTAMP] DayButton @ http://localhost:5173/node_modules/.vite/deps/react-dom_client.js?v=ac28f7ea:3200
[   58975ms] [TIMESTAMP] Day @ http://localhost:5173/node_modules/.vite/deps/react-dom_client.js?v=ac28f7ea:3200
[   58975ms] [TIMESTAMP] DayButton @ http://localhost:5173/node_modules/.vite/deps/react-dom_client.js?v=ac28f7ea:3200
[   58975ms] [TIMESTAMP] Day @ http://localhost:5173/node_modules/.vite/deps/react-dom_client.js?v=ac28f7ea:3200
[   58975ms] [TIMESTAMP] DayButton @ http://localhost:5173/node_modules/.vite/deps/react-dom_client.js?v=ac28f7ea:3200
[   58975ms] [TIMESTAMP] Day @ http://localhost:5173/node_modules/.vite/deps/react-dom_client.js?v=ac28f7ea:3200
[   58975ms] [TIMESTAMP] DayButton @ http://localhost:5173/node_modules/.vite/deps/react-dom_client.js?v=ac28f7ea:3200
[   58975ms] [TIMESTAMP] Day @ http://localhost:5173/node_modules/.vite/deps/react-dom_client.js?v=ac28f7ea:3200
[   58975ms] [TIMESTAMP] DayButton @ http://localhost:5173/node_modules/.vite/deps/react-dom_client.js?v=ac28f7ea:3200
[   58975ms] [TIMESTAMP] DayPicker @ http://localhost:5173/node_modules/.vite/deps/react-dom_client.js?v=ac28f7ea:3291
[   58975ms] [TIMESTAMP] Remaining Effects @ http://localhost:5173/node_modules/.vite/deps/react-dom_client.js?v=ac28f7ea:13177
[   58978ms] [TIMESTAMP] Blocking Track @ http://localhost:5173/node_modules/.vite/deps/react-dom_client.js?v=ac28f7ea:12095
[   58979ms] [TIMESTAMP] Transition Track @ http://localhost:5173/node_modules/.vite/deps/react-dom_client.js?v=ac28f7ea:12102
[   58979ms] [TIMESTAMP] Suspense Track @ http://localhost:5173/node_modules/.vite/deps/react-dom_client.js?v=ac28f7ea:12109
[   58979ms] [TIMESTAMP] Idle Track @ http://localhost:5173/node_modules/.vite/deps/react-dom_client.js?v=ac28f7ea:12116
[   58987ms] [TIMESTAMP] Render @ http://localhost:5173/node_modules/.vite/deps/react-dom_client.js?v=ac28f7ea:3314
[   58989ms] [TIMESTAMP] Commit @ http://localhost:5173/node_modules/.vite/deps/react-dom_client.js?v=ac28f7ea:12955
[   58993ms] [TIMESTAMP] Waiting for Paint @ http://localhost:5173/node_modules/.vite/deps/react-dom_client.js?v=ac28f7ea:13132
[   58994ms] [TIMESTAMP] DayPicker @ http://localhost:5173/node_modules/.vite/deps/react-dom_client.js?v=ac28f7ea:3200
[   58994ms] [TIMESTAMP] Remaining Effects @ http://localhost:5173/node_modules/.vite/deps/react-dom_client.js?v=ac28f7ea:13177
[   73808ms] [TIMESTAMP] Blocking Track @ http://localhost:5173/node_modules/.vite/deps/react-dom_client.js?v=ac28f7ea:12095
[   73808ms] [TIMESTAMP] Transition Track @ http://localhost:5173/node_modules/.vite/deps/react-dom_client.js?v=ac28f7ea:12102
[   73808ms] [TIMESTAMP] Suspense Track @ http://localhost:5173/node_modules/.vite/deps/react-dom_client.js?v=ac28f7ea:12109
[   73808ms] [TIMESTAMP] Idle Track @ http://localhost:5173/node_modules/.vite/deps/react-dom_client.js?v=ac28f7ea:12116
[   73818ms] [TIMESTAMP] Render @ http://localhost:5173/node_modules/.vite/deps/react-dom_client.js?v=ac28f7ea:3314
[   73821ms] [TIMESTAMP] Commit @ http://localhost:5173/node_modules/.vite/deps/react-dom_client.js?v=ac28f7ea:12955
[   73821ms] [TIMESTAMP] DayPicker @ http://localhost:5173/node_modules/.vite/deps/react-dom_client.js?v=ac28f7ea:3200
[   73822ms] [TIMESTAMP] Remaining Effects @ http://localhost:5173/node_modules/.vite/deps/react-dom_client.js?v=ac28f7ea:13177
[   73827ms] [TIMESTAMP] Blocking Track @ http://localhost:5173/node_modules/.vite/deps/react-dom_client.js?v=ac28f7ea:12095
[   73827ms] [TIMESTAMP] Transition Track @ http://localhost:5173/node_modules/.vite/deps/react-dom_client.js?v=ac28f7ea:12102
[   73828ms] [TIMESTAMP] Suspense Track @ http://localhost:5173/node_modules/.vite/deps/react-dom_client.js?v=ac28f7ea:12109
[   73828ms] [TIMESTAMP] Idle Track @ http://localhost:5173/node_modules/.vite/deps/react-dom_client.js?v=ac28f7ea:12116
[   73828ms] [TIMESTAMP] Event: click @ http://localhost:5173/node_modules/.vite/deps/react-dom_client.js?v=ac28f7ea:12196
[   73840ms] [TIMESTAMP] Render @ http://localhost:5173/node_modules/.vite/deps/react-dom_client.js?v=ac28f7ea:3314
[   73842ms] [TIMESTAMP] Commit @ http://localhost:5173/node_modules/.vite/deps/react-dom_client.js?v=ac28f7ea:12955
[   73842ms] [TIMESTAMP] TaskModal @ http://localhost:5173/node_modules/.vite/deps/react-dom_client.js?v=ac28f7ea:3200
[   73843ms] [TIMESTAMP] Remaining Effects @ http://localhost:5173/node_modules/.vite/deps/react-dom_client.js?v=ac28f7ea:13177
[   77177ms] [TIMESTAMP] Blocking Track @ http://localhost:5173/node_modules/.vite/deps/react-dom_client.js?v=ac28f7ea:12095
[   77177ms] [TIMESTAMP] Transition Track @ http://localhost:5173/node_modules/.vite/deps/react-dom_client.js?v=ac28f7ea:12102
[   77178ms] [TIMESTAMP] Suspense Track @ http://localhost:5173/node_modules/.vite/deps/react-dom_client.js?v=ac28f7ea:12109
[   77178ms] [TIMESTAMP] Idle Track @ http://localhost:5173/node_modules/.vite/deps/react-dom_client.js?v=ac28f7ea:12116
[   77185ms] [TIMESTAMP] Render @ http://localhost:5173/node_modules/.vite/deps/react-dom_client.js?v=ac28f7ea:3314
[   77186ms] [TIMESTAMP] Commit @ http://localhost:5173/node_modules/.vite/deps/react-dom_client.js?v=ac28f7ea:12955
[   77186ms] [TIMESTAMP] Waiting @ http://localhost:5173/node_modules/.vite/deps/react-dom_client.js?v=ac28f7ea:13132
[   77186ms] [TIMESTAMP] DayPicker @ http://localhost:5173/node_modules/.vite/deps/react-dom_client.js?v=ac28f7ea:3200
[   77187ms] [TIMESTAMP] Blocking Track @ http://localhost:5173/node_modules/.vite/deps/react-dom_client.js?v=ac28f7ea:12095
[   77187ms] [TIMESTAMP] Transition Track @ http://localhost:5173/node_modules/.vite/deps/react-dom_client.js?v=ac28f7ea:12102
[   77188ms] [TIMESTAMP] Suspense Track @ http://localhost:5173/node_modules/.vite/deps/react-dom_client.js?v=ac28f7ea:12109
[   77188ms] [TIMESTAMP] Idle Track @ http://localhost:5173/node_modules/.vite/deps/react-dom_client.js?v=ac28f7ea:12116
[   77194ms] [TIMESTAMP] Render @ http://localhost:5173/node_modules/.vite/deps/react-dom_client.js?v=ac28f7ea:3314
[   77195ms] [TIMESTAMP] DayPicker @ http://localhost:5173/node_modules/.vite/deps/react-dom_client.js?v=ac28f7ea:3200
[   77195ms] [TIMESTAMP] Remaining Effects @ http://localhost:5173/node_modules/.vite/deps/react-dom_client.js?v=ac28f7ea:13177
[   77203ms] [TIMESTAMP] Blocking Track @ http://localhost:5173/node_modules/.vite/deps/react-dom_client.js?v=ac28f7ea:12095
[   77203ms] [TIMESTAMP] Transition Track @ http://localhost:5173/node_modules/.vite/deps/react-dom_client.js?v=ac28f7ea:12102
[   77203ms] [TIMESTAMP] Suspense Track @ http://localhost:5173/node_modules/.vite/deps/react-dom_client.js?v=ac28f7ea:12109
[   77204ms] [TIMESTAMP] Idle Track @ http://localhost:5173/node_modules/.vite/deps/react-dom_client.js?v=ac28f7ea:12116
[   77204ms] [TIMESTAMP] Event: click @ http://localhost:5173/node_modules/.vite/deps/react-dom_client.js?v=ac28f7ea:12196
[   77214ms] [TIMESTAMP] Render @ http://localhost:5173/node_modules/.vite/deps/react-dom_client.js?v=ac28f7ea:3314
[   77216ms] [TIMESTAMP] Commit @ http://localhost:5173/node_modules/.vite/deps/react-dom_client.js?v=ac28f7ea:12955
[   77216ms] [TIMESTAMP] TaskModal @ http://localhost:5173/node_modules/.vite/deps/react-dom_client.js?v=ac28f7ea:3200
[   77217ms] [TIMESTAMP] Remaining Effects @ http://localhost:5173/node_modules/.vite/deps/react-dom_client.js?v=ac28f7ea:13177
[   80377ms] [TIMESTAMP] Blocking Track @ http://localhost:5173/node_modules/.vite/deps/react-dom_client.js?v=ac28f7ea:12095
[   80378ms] [TIMESTAMP] Transition Track @ http://localhost:5173/node_modules/.vite/deps/react-dom_client.js?v=ac28f7ea:12102
[   80378ms] [TIMESTAMP] Suspense Track @ http://localhost:5173/node_modules/.vite/deps/react-dom_client.js?v=ac28f7ea:12109
[   80378ms] [TIMESTAMP] Idle Track @ http://localhost:5173/node_modules/.vite/deps/react-dom_client.js?v=ac28f7ea:12116
[   80385ms] [TIMESTAMP] Render @ http://localhost:5173/node_modules/.vite/deps/react-dom_client.js?v=ac28f7ea:3314
[   80386ms] [TIMESTAMP] Commit @ http://localhost:5173/node_modules/.vite/deps/react-dom_client.js?v=ac28f7ea:12955
[   80386ms] [TIMESTAMP] DayPicker @ http://localhost:5173/node_modules/.vite/deps/react-dom_client.js?v=ac28f7ea:3200
[   80387ms] [TIMESTAMP] Remaining Effects @ http://localhost:5173/node_modules/.vite/deps/react-dom_client.js?v=ac28f7ea:13177
[   80390ms] [TIMESTAMP] Blocking Track @ http://localhost:5173/node_modules/.vite/deps/react-dom_client.js?v=ac28f7ea:12095
[   80390ms] [TIMESTAMP] Transition Track @ http://localhost:5173/node_modules/.vite/deps/react-dom_client.js?v=ac28f7ea:12102
[   80390ms] [TIMESTAMP] Suspense Track @ http://localhost:5173/node_modules/.vite/deps/react-dom_client.js?v=ac28f7ea:12109
[   80391ms] [TIMESTAMP] Idle Track @ http://localhost:5173/node_modules/.vite/deps/react-dom_client.js?v=ac28f7ea:12116
[   80391ms] [TIMESTAMP] Render @ http://localhost:5173/node_modules/.vite/deps/react-dom_client.js?v=ac28f7ea:3314
[   80392ms] [TIMESTAMP] Waiting @ http://localhost:5173/node_modules/.vite/deps/react-dom_client.js?v=ac28f7ea:13132
[   80392ms] [TIMESTAMP] DateRangePicker @ http://localhost:5173/node_modules/.vite/deps/react-dom_client.js?v=ac28f7ea:3200
[   83252ms] [TIMESTAMP] Blocking Track @ http://localhost:5173/node_modules/.vite/deps/react-dom_client.js?v=ac28f7ea:12095
[   83252ms] [TIMESTAMP] Transition Track @ http://localhost:5173/node_modules/.vite/deps/react-dom_client.js?v=ac28f7ea:12102
[   83253ms] [TIMESTAMP] Suspense Track @ http://localhost:5173/node_modules/.vite/deps/react-dom_client.js?v=ac28f7ea:12109
[   83253ms] [TIMESTAMP] Idle Track @ http://localhost:5173/node_modules/.vite/deps/react-dom_client.js?v=ac28f7ea:12116
[   83253ms] [TIMESTAMP] Event: mousedown @ http://localhost:5173/node_modules/.vite/deps/react-dom_client.js?v=ac28f7ea:12196
[   83260ms] [TIMESTAMP] Blocking Track @ http://localhost:5173/node_modules/.vite/deps/react-dom_client.js?v=ac28f7ea:12095
[   83260ms] [TIMESTAMP] Transition Track @ http://localhost:5173/node_modules/.vite/deps/react-dom_client.js?v=ac28f7ea:12102
[   83260ms] [TIMESTAMP] Suspense Track @ http://localhost:5173/node_modules/.vite/deps/react-dom_client.js?v=ac28f7ea:12109
[   83260ms] [TIMESTAMP] Idle Track @ http://localhost:5173/node_modules/.vite/deps/react-dom_client.js?v=ac28f7ea:12116
[   83260ms] [TIMESTAMP] Event: click @ http://localhost:5173/node_modules/.vite/deps/react-dom_client.js?v=ac28f7ea:12196
[   83264ms] [TIMESTAMP] Render @ http://localhost:5173/node_modules/.vite/deps/react-dom_client.js?v=ac28f7ea:3314
[   83265ms] [TIMESTAMP] Commit @ http://localhost:5173/node_modules/.vite/deps/react-dom_client.js?v=ac28f7ea:12955
[   83265ms] [TIMESTAMP] Sidebar @ http://localhost:5173/node_modules/.vite/deps/react-dom_client.js?v=ac28f7ea:3200
[   83265ms] [TIMESTAMP] TasksPage @ http://localhost:5173/node_modules/.vite/deps/react-dom_client.js?v=ac28f7ea:3200
[   92650ms] [TIMESTAMP] Blocking Track @ http://localhost:5173/node_modules/.vite/deps/react-dom_client.js?v=ac28f7ea:12095
[   92650ms] [TIMESTAMP] Transition Track @ http://localhost:5173/node_modules/.vite/deps/react-dom_client.js?v=ac28f7ea:12102
[   92650ms] [TIMESTAMP] Suspense Track @ http://localhost:5173/node_modules/.vite/deps/react-dom_client.js?v=ac28f7ea:12109
[   92650ms] [TIMESTAMP] Idle Track @ http://localhost:5173/node_modules/.vite/deps/react-dom_client.js?v=ac28f7ea:12116
[   92650ms] [TIMESTAMP] Event: mouseout @ http://localhost:5173/node_modules/.vite/deps/react-dom_client.js?v=ac28f7ea:12196
[   92653ms] [TIMESTAMP] Render @ http://localhost:5173/node_modules/.vite/deps/react-dom_client.js?v=ac28f7ea:3314
[   92654ms] [TIMESTAMP] Waiting for Paint @ http://localhost:5173/node_modules/.vite/deps/react-dom_client.js?v=ac28f7ea:13132
[   92655ms] [TIMESTAMP] Sidebar @ http://localhost:5173/node_modules/.vite/deps/react-dom_client.js?v=ac28f7ea:3200
[   92868ms] [TIMESTAMP] Blocking Track @ http://localhost:5173/node_modules/.vite/deps/react-dom_client.js?v=ac28f7ea:12095
[   92869ms] [TIMESTAMP] Transition Track @ http://localhost:5173/node_modules/.vite/deps/react-dom_client.js?v=ac28f7ea:12102
[   92869ms] [TIMESTAMP] Suspense Track @ http://localhost:5173/node_modules/.vite/deps/react-dom_client.js?v=ac28f7ea:12109
[   92869ms] [TIMESTAMP] Idle Track @ http://localhost:5173/node_modules/.vite/deps/react-dom_client.js?v=ac28f7ea:12116
[   92869ms] [TIMESTAMP] Event: click @ http://localhost:5173/node_modules/.vite/deps/react-dom_client.js?v=ac28f7ea:12196
[   92871ms] [TIMESTAMP] Render @ http://localhost:5173/node_modules/.vite/deps/react-dom_client.js?v=ac28f7ea:3314
[   92871ms] [TIMESTAMP] Sidebar @ http://localhost:5173/node_modules/.vite/deps/react-dom_client.js?v=ac28f7ea:3200
[   93163ms] [TIMESTAMP] Blocking Track @ http://localhost:5173/node_modules/.vite/deps/react-dom_client.js?v=ac28f7ea:12095
[   93164ms] [TIMESTAMP] Transition Track @ http://localhost:5173/node_modules/.vite/deps/react-dom_client.js?v=ac28f7ea:12102
[   93164ms] [TIMESTAMP] Suspense Track @ http://localhost:5173/node_modules/.vite/deps/react-dom_client.js?v=ac28f7ea:12109
[   93164ms] [TIMESTAMP] Idle Track @ http://localhost:5173/node_modules/.vite/deps/react-dom_client.js?v=ac28f7ea:12116
[   93166ms] [TIMESTAMP] Render @ http://localhost:5173/node_modules/.vite/deps/react-dom_client.js?v=ac28f7ea:3314
[   93166ms] [TIMESTAMP] Commit @ http://localhost:5173/node_modules/.vite/deps/react-dom_client.js?v=ac28f7ea:12955
[   93166ms] [TIMESTAMP] Sidebar @ http://localhost:5173/node_modules/.vite/deps/react-dom_client.js?v=ac28f7ea:3200
[   93798ms] [TIMESTAMP] Blocking Track @ http://localhost:5173/node_modules/.vite/deps/react-dom_client.js?v=ac28f7ea:12095
[   93798ms] [TIMESTAMP] Transition Track @ http://localhost:5173/node_modules/.vite/deps/react-dom_client.js?v=ac28f7ea:12102
[   93799ms] [TIMESTAMP] Suspense Track @ http://localhost:5173/node_modules/.vite/deps/react-dom_client.js?v=ac28f7ea:12109
[   93799ms] [TIMESTAMP] Idle Track @ http://localhost:5173/node_modules/.vite/deps/react-dom_client.js?v=ac28f7ea:12116
[   93799ms] [LOG] 🚀 App component rendering @ http://localhost:5173/src/App.tsx?t=1775421417724:10
[   93799ms] [LOG] 📄 Current page: timeline @ http://localhost:5173/src/App.tsx?t=1775421417724:16
[   93799ms] [LOG] 🚀 App component rendering @ http://localhost:5173/src/App.tsx?t=1775421417724:10
[   93799ms] [LOG] 📄 Current page: timeline @ http://localhost:5173/src/App.tsx?t=1775421417724:16
[   93811ms] [TIMESTAMP] Render @ http://localhost:5173/node_modules/.vite/deps/react-dom_client.js?v=ac28f7ea:3314
[   93819ms] [TIMESTAMP] Waiting for Paint @ http://localhost:5173/node_modules/.vite/deps/react-dom_client.js?v=ac28f7ea:13132
[   93819ms] [TIMESTAMP] App @ http://localhost:5173/node_modules/.vite/deps/react-dom_client.js?v=ac28f7ea:3200
[   93820ms] [TIMESTAMP] TimelinePage @ http://localhost:5173/node_modules/.vite/deps/react-dom_client.js?v=ac28f7ea:3200
[   93820ms] [TIMESTAMP] DateRangePicker @ http://localhost:5173/node_modules/.vite/deps/react-dom_client.js?v=ac28f7ea:3200
[   93820ms] [TIMESTAMP] DndContext2 @ http://localhost:5173/node_modules/.vite/deps/react-dom_client.js?v=ac28f7ea:3200
[   93820ms] [TIMESTAMP] SortableContext @ http://localhost:5173/node_modules/.vite/deps/react-dom_client.js?v=ac28f7ea:3200
[   93820ms] [TIMESTAMP] RestoreFocus @ http://localhost:5173/node_modules/.vite/deps/react-dom_client.js?v=ac28f7ea:3200
[   93820ms] [TIMESTAMP] Accessibility @ http://localhost:5173/node_modules/.vite/deps/react-dom_client.js?v=ac28f7ea:3200
[   93821ms] [TIMESTAMP] Accessibility @ http://localhost:5173/node_modules/.vite/deps/react-dom_client.js?v=ac28f7ea:3291
[   93821ms] [TIMESTAMP] SelectionHighlightLayer @ http://localhost:5173/node_modules/.vite/deps/react-dom_client.js?v=ac28f7ea:3200
[   93821ms] [TIMESTAMP] ParameterModal @ http://localhost:5173/node_modules/.vite/deps/react-dom_client.js?v=ac28f7ea:3200
[   93821ms] [TIMESTAMP] Remaining Effects @ http://localhost:5173/node_modules/.vite/deps/react-dom_client.js?v=ac28f7ea:13177
[   93821ms] [TIMESTAMP] Blocking Track @ http://localhost:5173/node_modules/.vite/deps/react-dom_client.js?v=ac28f7ea:12095
[   93822ms] [TIMESTAMP] Transition Track @ http://localhost:5173/node_modules/.vite/deps/react-dom_client.js?v=ac28f7ea:12102
[   93823ms] [TIMESTAMP] Suspense Track @ http://localhost:5173/node_modules/.vite/deps/react-dom_client.js?v=ac28f7ea:12109
[   93823ms] [TIMESTAMP] Idle Track @ http://localhost:5173/node_modules/.vite/deps/react-dom_client.js?v=ac28f7ea:12116
[   93831ms] [TIMESTAMP] Render @ http://localhost:5173/node_modules/.vite/deps/react-dom_client.js?v=ac28f7ea:3314
[   93833ms] [TIMESTAMP] Commit @ http://localhost:5173/node_modules/.vite/deps/react-dom_client.js?v=ac28f7ea:12955
[   93833ms] [TIMESTAMP] TimelinePage @ http://localhost:5173/node_modules/.vite/deps/react-dom_client.js?v=ac28f7ea:3200
[   93833ms] [TIMESTAMP] Blocking Track @ http://localhost:5173/node_modules/.vite/deps/react-dom_client.js?v=ac28f7ea:12095
[   93833ms] [TIMESTAMP] Transition Track @ http://localhost:5173/node_modules/.vite/deps/react-dom_client.js?v=ac28f7ea:12102
[   93833ms] [TIMESTAMP] Suspense Track @ http://localhost:5173/node_modules/.vite/deps/react-dom_client.js?v=ac28f7ea:12109
[   93834ms] [TIMESTAMP] Idle Track @ http://localhost:5173/node_modules/.vite/deps/react-dom_client.js?v=ac28f7ea:12116
[   93834ms] [TIMESTAMP] Render @ http://localhost:5173/node_modules/.vite/deps/react-dom_client.js?v=ac28f7ea:3314
[   94345ms] [TIMESTAMP] Blocking Track @ http://localhost:5173/node_modules/.vite/deps/react-dom_client.js?v=ac28f7ea:12095
[   94346ms] [TIMESTAMP] Transition Track @ http://localhost:5173/node_modules/.vite/deps/react-dom_client.js?v=ac28f7ea:12102
[   94346ms] [TIMESTAMP] Suspense Track @ http://localhost:5173/node_modules/.vite/deps/react-dom_client.js?v=ac28f7ea:12109
[   94346ms] [TIMESTAMP] Idle Track @ http://localhost:5173/node_modules/.vite/deps/react-dom_client.js?v=ac28f7ea:12116
[   94346ms] [TIMESTAMP] Event: click @ http://localhost:5173/node_modules/.vite/deps/react-dom_client.js?v=ac28f7ea:12196
[   94347ms] [TIMESTAMP] Render @ http://localhost:5173/node_modules/.vite/deps/react-dom_client.js?v=ac28f7ea:3314
[   94348ms] [TIMESTAMP] Sidebar @ http://localhost:5173/node_modules/.vite/deps/react-dom_client.js?v=ac28f7ea:3200
[  104243ms] [TIMESTAMP] Blocking Track @ http://localhost:5173/node_modules/.vite/deps/react-dom_client.js?v=ac28f7ea:12095
[  104244ms] [TIMESTAMP] Transition Track @ http://localhost:5173/node_modules/.vite/deps/react-dom_client.js?v=ac28f7ea:12102
[  104244ms] [TIMESTAMP] Suspense Track @ http://localhost:5173/node_modules/.vite/deps/react-dom_client.js?v=ac28f7ea:12109
[  104244ms] [TIMESTAMP] Idle Track @ http://localhost:5173/node_modules/.vite/deps/react-dom_client.js?v=ac28f7ea:12116
[  104244ms] [TIMESTAMP] Event: mouseover @ http://localhost:5173/node_modules/.vite/deps/react-dom_client.js?v=ac28f7ea:12196
[  104246ms] [TIMESTAMP] Render @ http://localhost:5173/node_modules/.vite/deps/react-dom_client.js?v=ac28f7ea:3314
[  104246ms] [TIMESTAMP] Sidebar @ http://localhost:5173/node_modules/.vite/deps/react-dom_client.js?v=ac28f7ea:3200
[  104246ms] [TIMESTAMP] Remaining Effects @ http://localhost:5173/node_modules/.vite/deps/react-dom_client.js?v=ac28f7ea:13177
[  104256ms] [TIMESTAMP] Blocking Track @ http://localhost:5173/node_modules/.vite/deps/react-dom_client.js?v=ac28f7ea:12095
[  104256ms] [TIMESTAMP] Transition Track @ http://localhost:5173/node_modules/.vite/deps/react-dom_client.js?v=ac28f7ea:12102
[  104256ms] [TIMESTAMP] Suspense Track @ http://localhost:5173/node_modules/.vite/deps/react-dom_client.js?v=ac28f7ea:12109
[  104256ms] [TIMESTAMP] Idle Track @ http://localhost:5173/node_modules/.vite/deps/react-dom_client.js?v=ac28f7ea:12116
[  104256ms] [TIMESTAMP] Event: click @ http://localhost:5173/node_modules/.vite/deps/react-dom_client.js?v=ac28f7ea:12196
[  104257ms] [LOG] 🚀 App component rendering @ http://localhost:5173/src/App.tsx?t=1775421417724:10
[  104257ms] [LOG] 📄 Current page: tasks @ http://localhost:5173/src/App.tsx?t=1775421417724:16
[  104257ms] [LOG] 🚀 App component rendering @ http://localhost:5173/src/App.tsx?t=1775421417724:10
[  104257ms] [LOG] 📄 Current page: tasks @ http://localhost:5173/src/App.tsx?t=1775421417724:16
[  104260ms] [TIMESTAMP] Render @ http://localhost:5173/node_modules/.vite/deps/react-dom_client.js?v=ac28f7ea:3314
[  104261ms] [TIMESTAMP] TimelinePage @ http://localhost:5173/node_modules/.vite/deps/react-dom_client.js?v=ac28f7ea:3291
[  104261ms] [TIMESTAMP] Commit @ http://localhost:5173/node_modules/.vite/deps/react-dom_client.js?v=ac28f7ea:12955
[  104262ms] [TIMESTAMP] App @ http://localhost:5173/node_modules/.vite/deps/react-dom_client.js?v=ac28f7ea:3200
[  104262ms] [TIMESTAMP] TasksPage @ http://localhost:5173/node_modules/.vite/deps/react-dom_client.js?v=ac28f7ea:3200
[  104262ms] [TIMESTAMP] Remaining Effects @ http://localhost:5173/node_modules/.vite/deps/react-dom_client.js?v=ac28f7ea:13177
[  232857ms] [TIMESTAMP] Blocking Track @ http://localhost:5173/node_modules/.vite/deps/react-dom_client.js?v=ac28f7ea:12095
[  232857ms] [TIMESTAMP] Transition Track @ http://localhost:5173/node_modules/.vite/deps/react-dom_client.js?v=ac28f7ea:12102
[  232857ms] [TIMESTAMP] Suspense Track @ http://localhost:5173/node_modules/.vite/deps/react-dom_client.js?v=ac28f7ea:12109
[  232857ms] [TIMESTAMP] Idle Track @ http://localhost:5173/node_modules/.vite/deps/react-dom_client.js?v=ac28f7ea:12116
[  232859ms] [TIMESTAMP] Render @ http://localhost:5173/node_modules/.vite/deps/react-dom_client.js?v=ac28f7ea:3314
[  232859ms] [TIMESTAMP] Commit @ http://localhost:5173/node_modules/.vite/deps/react-dom_client.js?v=ac28f7ea:12955
[  232860ms] [TIMESTAMP] Sidebar @ http://localhost:5173/node_modules/.vite/deps/react-dom_client.js?v=ac28f7ea:3200
[  242997ms] [TIMESTAMP] Blocking Track @ http://localhost:5173/node_modules/.vite/deps/react-dom_client.js?v=ac28f7ea:12095
[  242997ms] [TIMESTAMP] Transition Track @ http://localhost:5173/node_modules/.vite/deps/react-dom_client.js?v=ac28f7ea:12102
[  242997ms] [TIMESTAMP] Suspense Track @ http://localhost:5173/node_modules/.vite/deps/react-dom_client.js?v=ac28f7ea:12109
[  242997ms] [TIMESTAMP] Idle Track @ http://localhost:5173/node_modules/.vite/deps/react-dom_client.js?v=ac28f7ea:12116
[  242997ms] [TIMESTAMP] Event: click @ http://localhost:5173/node_modules/.vite/deps/react-dom_client.js?v=ac28f7ea:12196
[  243000ms] [TIMESTAMP] Render @ http://localhost:5173/node_modules/.vite/deps/react-dom_client.js?v=ac28f7ea:3314
[  243004ms] [TIMESTAMP] Commit @ http://localhost:5173/node_modules/.vite/deps/react-dom_client.js?v=ac28f7ea:12955
[  243004ms] [TIMESTAMP] TasksPage @ http://localhost:5173/node_modules/.vite/deps/react-dom_client.js?v=ac28f7ea:3200
[  243004ms] [TIMESTAMP] TaskModal @ http://localhost:5173/node_modules/.vite/deps/react-dom_client.js?v=ac28f7ea:3200
[  243004ms] [TIMESTAMP] X @ http://localhost:5173/node_modules/.vite/deps/react-dom_client.js?v=ac28f7ea:3200
[  243004ms] [TIMESTAMP] ForwardRef @ http://localhost:5173/node_modules/.vite/deps/react-dom_client.js?v=ac28f7ea:3200
[  243004ms] [TIMESTAMP] DateRangePicker @ http://localhost:5173/node_modules/.vite/deps/react-dom_client.js?v=ac28f7ea:3200
[  243004ms] [TIMESTAMP] Remaining Effects @ http://localhost:5173/node_modules/.vite/deps/react-dom_client.js?v=ac28f7ea:13177
[  256175ms] [ERROR] [JavaScript Error: "Error: Error: Element is not an <input>, <textarea>, <select> or [contenteditable] and does not have a role allowing [aria-readonly]" {file: "debugger eval code" line: 7447}] @ debugger eval code:7447
[  266385ms] [ERROR] [JavaScript Error: "Error: Error: Element is not an <input>, <textarea>, <select> or [contenteditable] and does not have a role allowing [aria-readonly]" {file: "debugger eval code" line: 7447}] @ debugger eval code:7447
[  274473ms] [TIMESTAMP] Blocking Track @ http://localhost:5173/node_modules/.vite/deps/react-dom_client.js?v=ac28f7ea:12095
[  274473ms] [TIMESTAMP] Transition Track @ http://localhost:5173/node_modules/.vite/deps/react-dom_client.js?v=ac28f7ea:12102
[  274473ms] [TIMESTAMP] Suspense Track @ http://localhost:5173/node_modules/.vite/deps/react-dom_client.js?v=ac28f7ea:12109
[  274473ms] [TIMESTAMP] Idle Track @ http://localhost:5173/node_modules/.vite/deps/react-dom_client.js?v=ac28f7ea:12116
[  274473ms] [TIMESTAMP] Event: input @ http://localhost:5173/node_modules/.vite/deps/react-dom_client.js?v=ac28f7ea:12196
[  274477ms] [TIMESTAMP] Render @ http://localhost:5173/node_modules/.vite/deps/react-dom_client.js?v=ac28f7ea:3314
[  274477ms] [TIMESTAMP] TaskModal @ http://localhost:5173/node_modules/.vite/deps/react-dom_client.js?v=ac28f7ea:3200
[  274480ms] [TIMESTAMP] Blocking Track @ http://localhost:5173/node_modules/.vite/deps/react-dom_client.js?v=ac28f7ea:12095
[  274481ms] [TIMESTAMP] Transition Track @ http://localhost:5173/node_modules/.vite/deps/react-dom_client.js?v=ac28f7ea:12102
[  274481ms] [TIMESTAMP] Suspense Track @ http://localhost:5173/node_modules/.vite/deps/react-dom_client.js?v=ac28f7ea:12109
[  274481ms] [TIMESTAMP] Idle Track @ http://localhost:5173/node_modules/.vite/deps/react-dom_client.js?v=ac28f7ea:12116
[  274481ms] [TIMESTAMP] Render @ http://localhost:5173/node_modules/.vite/deps/react-dom_client.js?v=ac28f7ea:3314
[  277393ms] [TIMESTAMP] Blocking Track @ http://localhost:5173/node_modules/.vite/deps/react-dom_client.js?v=ac28f7ea:12095
[  277394ms] [TIMESTAMP] Transition Track @ http://localhost:5173/node_modules/.vite/deps/react-dom_client.js?v=ac28f7ea:12102
[  277394ms] [TIMESTAMP] Suspense Track @ http://localhost:5173/node_modules/.vite/deps/react-dom_client.js?v=ac28f7ea:12109
[  277394ms] [TIMESTAMP] Idle Track @ http://localhost:5173/node_modules/.vite/deps/react-dom_client.js?v=ac28f7ea:12116
[  277394ms] [TIMESTAMP] Event: click @ http://localhost:5173/node_modules/.vite/deps/react-dom_client.js?v=ac28f7ea:12196
[  277403ms] [TIMESTAMP] Render @ http://localhost:5173/node_modules/.vite/deps/react-dom_client.js?v=ac28f7ea:3314
[  277403ms] [TIMESTAMP] Commit @ http://localhost:5173/node_modules/.vite/deps/react-dom_client.js?v=ac28f7ea:12955
[  277403ms] [TIMESTAMP] DateRangePicker @ http://localhost:5173/node_modules/.vite/deps/react-dom_client.js?v=ac28f7ea:3200
[  277403ms] [TIMESTAMP] DayPicker @ http://localhost:5173/node_modules/.vite/deps/react-dom_client.js?v=ac28f7ea:3200
[  277403ms] [TIMESTAMP] Root @ http://localhost:5173/node_modules/.vite/deps/react-dom_client.js?v=ac28f7ea:3200
[  277403ms] [TIMESTAMP] Months @ http://localhost:5173/node_modules/.vite/deps/react-dom_client.js?v=ac28f7ea:3200
[  277403ms] [TIMESTAMP] Nav @ http://localhost:5173/node_modules/.vite/deps/react-dom_client.js?v=ac28f7ea:3200
[  277404ms] [TIMESTAMP] PreviousMonthButton @ http://localhost:5173/node_modules/.vite/deps/react-dom_client.js?v=ac28f7ea:3200
[  277404ms] [TIMESTAMP] NextMonthButton @ http://localhost:5173/node_modules/.vite/deps/react-dom_client.js?v=ac28f7ea:3200
[  277404ms] [TIMESTAMP] Button @ http://localhost:5173/node_modules/.vite/deps/react-dom_client.js?v=ac28f7ea:3200
[  277405ms] [TIMESTAMP] Chevron @ http://localhost:5173/node_modules/.vite/deps/react-dom_client.js?v=ac28f7ea:3200
[  277405ms] [TIMESTAMP] Month @ http://localhost:5173/node_modules/.vite/deps/react-dom_client.js?v=ac28f7ea:3200
[  277405ms] [TIMESTAMP] MonthCaption @ http://localhost:5173/node_modules/.vite/deps/react-dom_client.js?v=ac28f7ea:3200
[  277406ms] [TIMESTAMP] MonthGrid @ http://localhost:5173/node_modules/.vite/deps/react-dom_client.js?v=ac28f7ea:3200
[  277406ms] [TIMESTAMP] Weekdays @ http://localhost:5173/node_modules/.vite/deps/react-dom_client.js?v=ac28f7ea:3200
[  277406ms] [TIMESTAMP] Weeks @ http://localhost:5173/node_modules/.vite/deps/react-dom_client.js?v=ac28f7ea:3200
[  277407ms] [TIMESTAMP] Week @ http://localhost:5173/node_modules/.vite/deps/react-dom_client.js?v=ac28f7ea:3200
[  277407ms] [TIMESTAMP] Day @ http://localhost:5173/node_modules/.vite/deps/react-dom_client.js?v=ac28f7ea:3200
[  277407ms] [TIMESTAMP] DayButton @ http://localhost:5173/node_modules/.vite/deps/react-dom_client.js?v=ac28f7ea:3200
[  277407ms] [TIMESTAMP] Day @ http://localhost:5173/node_modules/.vite/deps/react-dom_client.js?v=ac28f7ea:3200
[  277407ms] [TIMESTAMP] DayButton @ http://localhost:5173/node_modules/.vite/deps/react-dom_client.js?v=ac28f7ea:3200
[  277407ms] [TIMESTAMP] Day @ http://localhost:5173/node_modules/.vite/deps/react-dom_client.js?v=ac28f7ea:3200
[  277407ms] [TIMESTAMP] DayButton @ http://localhost:5173/node_modules/.vite/deps/react-dom_client.js?v=ac28f7ea:3200
[  277408ms] [TIMESTAMP] Day @ http://localhost:5173/node_modules/.vite/deps/react-dom_client.js?v=ac28f7ea:3200
[  277408ms] [TIMESTAMP] DayButton @ http://localhost:5173/node_modules/.vite/deps/react-dom_client.js?v=ac28f7ea:3200
[  277409ms] [TIMESTAMP] Day @ http://localhost:5173/node_modules/.vite/deps/react-dom_client.js?v=ac28f7ea:3200
[  277409ms] [TIMESTAMP] DayButton @ http://localhost:5173/node_modules/.vite/deps/react-dom_client.js?v=ac28f7ea:3200
[  277409ms] [TIMESTAMP] Day @ http://localhost:5173/node_modules/.vite/deps/react-dom_client.js?v=ac28f7ea:3200
[  277410ms] [TIMESTAMP] DayButton @ http://localhost:5173/node_modules/.vite/deps/react-dom_client.js?v=ac28f7ea:3200
[  277410ms] [TIMESTAMP] Day @ http://localhost:5173/node_modules/.vite/deps/react-dom_client.js?v=ac28f7ea:3200
[  277410ms] [TIMESTAMP] DayButton @ http://localhost:5173/node_modules/.vite/deps/react-dom_client.js?v=ac28f7ea:3200
[  277411ms] [TIMESTAMP] Week @ http://localhost:5173/node_modules/.vite/deps/react-dom_client.js?v=ac28f7ea:3200
[  277411ms] [TIMESTAMP] Day @ http://localhost:5173/node_modules/.vite/deps/react-dom_client.js?v=ac28f7ea:3200
[  277411ms] [TIMESTAMP] DayButton @ http://localhost:5173/node_modules/.vite/deps/react-dom_client.js?v=ac28f7ea:3200
[  277411ms] [TIMESTAMP] Day @ http://localhost:5173/node_modules/.vite/deps/react-dom_client.js?v=ac28f7ea:3200
[  277412ms] [TIMESTAMP] DayButton @ http://localhost:5173/node_modules/.vite/deps/react-dom_client.js?v=ac28f7ea:3200
[  277412ms] [TIMESTAMP] Day @ http://localhost:5173/node_modules/.vite/deps/react-dom_client.js?v=ac28f7ea:3200
[  277412ms] [TIMESTAMP] DayButton @ http://localhost:5173/node_modules/.vite/deps/react-dom_client.js?v=ac28f7ea:3200
[  277412ms] [TIMESTAMP] Day @ http://localhost:5173/node_modules/.vite/deps/react-dom_client.js?v=ac28f7ea:3200
[  277412ms] [TIMESTAMP] DayButton @ http://localhost:5173/node_modules/.vite/deps/react-dom_client.js?v=ac28f7ea:3200
[  277413ms] [TIMESTAMP] Day @ http://localhost:5173/node_modules/.vite/deps/react-dom_client.js?v=ac28f7ea:3200
[  277413ms] [TIMESTAMP] DayButton @ http://localhost:5173/node_modules/.vite/deps/react-dom_client.js?v=ac28f7ea:3200
[  277413ms] [TIMESTAMP] Day @ http://localhost:5173/node_modules/.vite/deps/react-dom_client.js?v=ac28f7ea:3200
[  277414ms] [TIMESTAMP] DayButton @ http://localhost:5173/node_modules/.vite/deps/react-dom_client.js?v=ac28f7ea:3200
[  277414ms] [TIMESTAMP] Day @ http://localhost:5173/node_modules/.vite/deps/react-dom_client.js?v=ac28f7ea:3200
[  277414ms] [TIMESTAMP] DayButton @ http://localhost:5173/node_modules/.vite/deps/react-dom_client.js?v=ac28f7ea:3200
[  277414ms] [TIMESTAMP] Week @ http://localhost:5173/node_modules/.vite/deps/react-dom_client.js?v=ac28f7ea:3200
[  277414ms] [TIMESTAMP] Day @ http://localhost:5173/node_modules/.vite/deps/react-dom_client.js?v=ac28f7ea:3200
[  277415ms] [TIMESTAMP] DayButton @ http://localhost:5173/node_modules/.vite/deps/react-dom_client.js?v=ac28f7ea:3200
[  277415ms] [TIMESTAMP] Day @ http://localhost:5173/node_modules/.vite/deps/react-dom_client.js?v=ac28f7ea:3200
[  277415ms] [TIMESTAMP] DayButton @ http://localhost:5173/node_modules/.vite/deps/react-dom_client.js?v=ac28f7ea:3200
[  277415ms] [TIMESTAMP] Day @ http://localhost:5173/node_modules/.vite/deps/react-dom_client.js?v=ac28f7ea:3200
[  277415ms] [TIMESTAMP] DayButton @ http://localhost:5173/node_modules/.vite/deps/react-dom_client.js?v=ac28f7ea:3200
[  277415ms] [TIMESTAMP] Day @ http://localhost:5173/node_modules/.vite/deps/react-dom_client.js?v=ac28f7ea:3200
[  277415ms] [TIMESTAMP] DayButton @ http://localhost:5173/node_modules/.vite/deps/react-dom_client.js?v=ac28f7ea:3200
[  277416ms] [TIMESTAMP] Day @ http://localhost:5173/node_modules/.vite/deps/react-dom_client.js?v=ac28f7ea:3200
[  277416ms] [TIMESTAMP] DayButton @ http://localhost:5173/node_modules/.vite/deps/react-dom_client.js?v=ac28f7ea:3200
[  277416ms] [TIMESTAMP] Day @ http://localhost:5173/node_modules/.vite/deps/react-dom_client.js?v=ac28f7ea:3200
[  277416ms] [TIMESTAMP] DayButton @ http://localhost:5173/node_modules/.vite/deps/react-dom_client.js?v=ac28f7ea:3200
[  277417ms] [TIMESTAMP] Day @ http://localhost:5173/node_modules/.vite/deps/react-dom_client.js?v=ac28f7ea:3200
[  277417ms] [TIMESTAMP] DayButton @ http://localhost:5173/node_modules/.vite/deps/react-dom_client.js?v=ac28f7ea:3200
[  277417ms] [TIMESTAMP] Week @ http://localhost:5173/node_modules/.vite/deps/react-dom_client.js?v=ac28f7ea:3200
[  277417ms] [TIMESTAMP] Day @ http://localhost:5173/node_modules/.vite/deps/react-dom_client.js?v=ac28f7ea:3200
[  277418ms] [TIMESTAMP] DayButton @ http://localhost:5173/node_modules/.vite/deps/react-dom_client.js?v=ac28f7ea:3200
[  277418ms] [TIMESTAMP] Day @ http://localhost:5173/node_modules/.vite/deps/react-dom_client.js?v=ac28f7ea:3200
[  277418ms] [TIMESTAMP] DayButton @ http://localhost:5173/node_modules/.vite/deps/react-dom_client.js?v=ac28f7ea:3200
[  277418ms] [TIMESTAMP] Day @ http://localhost:5173/node_modules/.vite/deps/react-dom_client.js?v=ac28f7ea:3200
[  277418ms] [TIMESTAMP] DayButton @ http://localhost:5173/node_modules/.vite/deps/react-dom_client.js?v=ac28f7ea:3200
[  277419ms] [TIMESTAMP] Day @ http://localhost:5173/node_modules/.vite/deps/react-dom_client.js?v=ac28f7ea:3200
[  277419ms] [TIMESTAMP] DayButton @ http://localhost:5173/node_modules/.vite/deps/react-dom_client.js?v=ac28f7ea:3200
[  277419ms] [TIMESTAMP] Day @ http://localhost:5173/node_modules/.vite/deps/react-dom_client.js?v=ac28f7ea:3200
[  277419ms] [TIMESTAMP] DayButton @ http://localhost:5173/node_modules/.vite/deps/react-dom_client.js?v=ac28f7ea:3200
[  277420ms] [TIMESTAMP] Day @ http://localhost:5173/node_modules/.vite/deps/react-dom_client.js?v=ac28f7ea:3200
[  277420ms] [TIMESTAMP] DayButton @ http://localhost:5173/node_modules/.vite/deps/react-dom_client.js?v=ac28f7ea:3200
[  277420ms] [TIMESTAMP] Day @ http://localhost:5173/node_modules/.vite/deps/react-dom_client.js?v=ac28f7ea:3200
[  277421ms] [TIMESTAMP] DayButton @ http://localhost:5173/node_modules/.vite/deps/react-dom_client.js?v=ac28f7ea:3200
[  277421ms] [TIMESTAMP] Week @ http://localhost:5173/node_modules/.vite/deps/react-dom_client.js?v=ac28f7ea:3200
[  277421ms] [TIMESTAMP] Day @ http://localhost:5173/node_modules/.vite/deps/react-dom_client.js?v=ac28f7ea:3200
[  277421ms] [TIMESTAMP] DayButton @ http://localhost:5173/node_modules/.vite/deps/react-dom_client.js?v=ac28f7ea:3200
[  277421ms] [TIMESTAMP] Day @ http://localhost:5173/node_modules/.vite/deps/react-dom_client.js?v=ac28f7ea:3200
[  277422ms] [TIMESTAMP] DayButton @ http://localhost:5173/node_modules/.vite/deps/react-dom_client.js?v=ac28f7ea:3200
[  277422ms] [TIMESTAMP] Day @ http://localhost:5173/node_modules/.vite/deps/react-dom_client.js?v=ac28f7ea:3200
[  277422ms] [TIMESTAMP] DayButton @ http://localhost:5173/node_modules/.vite/deps/react-dom_client.js?v=ac28f7ea:3200
[  277422ms] [TIMESTAMP] Day @ http://localhost:5173/node_modules/.vite/deps/react-dom_client.js?v=ac28f7ea:3200
[  277422ms] [TIMESTAMP] DayButton @ http://localhost:5173/node_modules/.vite/deps/react-dom_client.js?v=ac28f7ea:3200
[  277422ms] [TIMESTAMP] Day @ http://localhost:5173/node_modules/.vite/deps/react-dom_client.js?v=ac28f7ea:3200
[  277423ms] [TIMESTAMP] DayButton @ http://localhost:5173/node_modules/.vite/deps/react-dom_client.js?v=ac28f7ea:3200
[  277423ms] [TIMESTAMP] Day @ http://localhost:5173/node_modules/.vite/deps/react-dom_client.js?v=ac28f7ea:3200
[  277423ms] [TIMESTAMP] DayButton @ http://localhost:5173/node_modules/.vite/deps/react-dom_client.js?v=ac28f7ea:3200
[  277423ms] [TIMESTAMP] Day @ http://localhost:5173/node_modules/.vite/deps/react-dom_client.js?v=ac28f7ea:3200
[  277424ms] [TIMESTAMP] DayButton @ http://localhost:5173/node_modules/.vite/deps/react-dom_client.js?v=ac28f7ea:3200
[  277424ms] [TIMESTAMP] DayPicker @ http://localhost:5173/node_modules/.vite/deps/react-dom_client.js?v=ac28f7ea:3291
[  277424ms] [TIMESTAMP] Remaining Effects @ http://localhost:5173/node_modules/.vite/deps/react-dom_client.js?v=ac28f7ea:13177
[  277426ms] [TIMESTAMP] Blocking Track @ http://localhost:5173/node_modules/.vite/deps/react-dom_client.js?v=ac28f7ea:12095
[  277426ms] [TIMESTAMP] Transition Track @ http://localhost:5173/node_modules/.vite/deps/react-dom_client.js?v=ac28f7ea:12102
[  277426ms] [TIMESTAMP] Suspense Track @ http://localhost:5173/node_modules/.vite/deps/react-dom_client.js?v=ac28f7ea:12109
[  277427ms] [TIMESTAMP] Idle Track @ http://localhost:5173/node_modules/.vite/deps/react-dom_client.js?v=ac28f7ea:12116
[  277427ms] [TIMESTAMP] Render @ http://localhost:5173/node_modules/.vite/deps/react-dom_client.js?v=ac28f7ea:3314
[  277427ms] [TIMESTAMP] Commit @ http://localhost:5173/node_modules/.vite/deps/react-dom_client.js?v=ac28f7ea:12955
[  277437ms] [TIMESTAMP] Waiting for Paint @ http://localhost:5173/node_modules/.vite/deps/react-dom_client.js?v=ac28f7ea:13132
[  277438ms] [TIMESTAMP] DayPicker @ http://localhost:5173/node_modules/.vite/deps/react-dom_client.js?v=ac28f7ea:3200
[  277439ms] [TIMESTAMP] Remaining Effects @ http://localhost:5173/node_modules/.vite/deps/react-dom_client.js?v=ac28f7ea:13177
[  280879ms] [TIMESTAMP] Blocking Track @ http://localhost:5173/node_modules/.vite/deps/react-dom_client.js?v=ac28f7ea:12095
[  280879ms] [TIMESTAMP] Transition Track @ http://localhost:5173/node_modules/.vite/deps/react-dom_client.js?v=ac28f7ea:12102
[  280879ms] [TIMESTAMP] Suspense Track @ http://localhost:5173/node_modules/.vite/deps/react-dom_client.js?v=ac28f7ea:12109
[  280879ms] [TIMESTAMP] Idle Track @ http://localhost:5173/node_modules/.vite/deps/react-dom_client.js?v=ac28f7ea:12116
[  280883ms] [TIMESTAMP] Render @ http://localhost:5173/node_modules/.vite/deps/react-dom_client.js?v=ac28f7ea:3314
[  280885ms] [TIMESTAMP] Commit @ http://localhost:5173/node_modules/.vite/deps/react-dom_client.js?v=ac28f7ea:12955
[  280885ms] [TIMESTAMP] DayPicker @ http://localhost:5173/node_modules/.vite/deps/react-dom_client.js?v=ac28f7ea:3200
[  280885ms] [TIMESTAMP] Remaining Effects @ http://localhost:5173/node_modules/.vite/deps/react-dom_client.js?v=ac28f7ea:13177
[  280892ms] [TIMESTAMP] Blocking Track @ http://localhost:5173/node_modules/.vite/deps/react-dom_client.js?v=ac28f7ea:12095
[  280892ms] [TIMESTAMP] Transition Track @ http://localhost:5173/node_modules/.vite/deps/react-dom_client.js?v=ac28f7ea:12102
[  280893ms] [TIMESTAMP] Suspense Track @ http://localhost:5173/node_modules/.vite/deps/react-dom_client.js?v=ac28f7ea:12109
[  280893ms] [TIMESTAMP] Idle Track @ http://localhost:5173/node_modules/.vite/deps/react-dom_client.js?v=ac28f7ea:12116
[  280893ms] [TIMESTAMP] Event: click @ http://localhost:5173/node_modules/.vite/deps/react-dom_client.js?v=ac28f7ea:12196
[  280901ms] [TIMESTAMP] Render @ http://localhost:5173/node_modules/.vite/deps/react-dom_client.js?v=ac28f7ea:3314
[  280902ms] [TIMESTAMP] Commit @ http://localhost:5173/node_modules/.vite/deps/react-dom_client.js?v=ac28f7ea:12955
[  280902ms] [TIMESTAMP] TaskModal @ http://localhost:5173/node_modules/.vite/deps/react-dom_client.js?v=ac28f7ea:3200
[  280903ms] [TIMESTAMP] Remaining Effects @ http://localhost:5173/node_modules/.vite/deps/react-dom_client.js?v=ac28f7ea:13177
[  285039ms] [TIMESTAMP] Blocking Track @ http://localhost:5173/node_modules/.vite/deps/react-dom_client.js?v=ac28f7ea:12095
[  285040ms] [TIMESTAMP] Transition Track @ http://localhost:5173/node_modules/.vite/deps/react-dom_client.js?v=ac28f7ea:12102
[  285040ms] [TIMESTAMP] Suspense Track @ http://localhost:5173/node_modules/.vite/deps/react-dom_client.js?v=ac28f7ea:12109
[  285040ms] [TIMESTAMP] Idle Track @ http://localhost:5173/node_modules/.vite/deps/react-dom_client.js?v=ac28f7ea:12116
[  285045ms] [TIMESTAMP] Render @ http://localhost:5173/node_modules/.vite/deps/react-dom_client.js?v=ac28f7ea:3314
[  285045ms] [TIMESTAMP] Commit @ http://localhost:5173/node_modules/.vite/deps/react-dom_client.js?v=ac28f7ea:12955
[  285046ms] [TIMESTAMP] DayPicker @ http://localhost:5173/node_modules/.vite/deps/react-dom_client.js?v=ac28f7ea:3200
[  285046ms] [TIMESTAMP] Remaining Effects @ http://localhost:5173/node_modules/.vite/deps/react-dom_client.js?v=ac28f7ea:13177
[  285046ms] [TIMESTAMP] Blocking Track @ http://localhost:5173/node_modules/.vite/deps/react-dom_client.js?v=ac28f7ea:12095
[  285047ms] [TIMESTAMP] Transition Track @ http://localhost:5173/node_modules/.vite/deps/react-dom_client.js?v=ac28f7ea:12102
[  285047ms] [TIMESTAMP] Suspense Track @ http://localhost:5173/node_modules/.vite/deps/react-dom_client.js?v=ac28f7ea:12109
[  285047ms] [TIMESTAMP] Idle Track @ http://localhost:5173/node_modules/.vite/deps/react-dom_client.js?v=ac28f7ea:12116
[  285053ms] [TIMESTAMP] Render @ http://localhost:5173/node_modules/.vite/deps/react-dom_client.js?v=ac28f7ea:3314
[  285054ms] [TIMESTAMP] Commit @ http://localhost:5173/node_modules/.vite/deps/react-dom_client.js?v=ac28f7ea:12955
[  285054ms] [TIMESTAMP] Waiting @ http://localhost:5173/node_modules/.vite/deps/react-dom_client.js?v=ac28f7ea:13132
[  285054ms] [TIMESTAMP] DayPicker @ http://localhost:5173/node_modules/.vite/deps/react-dom_client.js?v=ac28f7ea:3200
[  285055ms] [TIMESTAMP] Remaining Effects @ http://localhost:5173/node_modules/.vite/deps/react-dom_client.js?v=ac28f7ea:13177
[  285060ms] [TIMESTAMP] Blocking Track @ http://localhost:5173/node_modules/.vite/deps/react-dom_client.js?v=ac28f7ea:12095
[  285060ms] [TIMESTAMP] Transition Track @ http://localhost:5173/node_modules/.vite/deps/react-dom_client.js?v=ac28f7ea:12102
[  285060ms] [TIMESTAMP] Suspense Track @ http://localhost:5173/node_modules/.vite/deps/react-dom_client.js?v=ac28f7ea:12109
[  285060ms] [TIMESTAMP] Idle Track @ http://localhost:5173/node_modules/.vite/deps/react-dom_client.js?v=ac28f7ea:12116
[  285060ms] [TIMESTAMP] Event: click @ http://localhost:5173/node_modules/.vite/deps/react-dom_client.js?v=ac28f7ea:12196
[  285068ms] [TIMESTAMP] Render @ http://localhost:5173/node_modules/.vite/deps/react-dom_client.js?v=ac28f7ea:3314
[  285070ms] [TIMESTAMP] Commit @ http://localhost:5173/node_modules/.vite/deps/react-dom_client.js?v=ac28f7ea:12955
[  285070ms] [TIMESTAMP] TaskModal @ http://localhost:5173/node_modules/.vite/deps/react-dom_client.js?v=ac28f7ea:3200
[  285071ms] [TIMESTAMP] Remaining Effects @ http://localhost:5173/node_modules/.vite/deps/react-dom_client.js?v=ac28f7ea:13177
[  288658ms] [TIMESTAMP] Blocking Track @ http://localhost:5173/node_modules/.vite/deps/react-dom_client.js?v=ac28f7ea:12095
[  288658ms] [TIMESTAMP] Transition Track @ http://localhost:5173/node_modules/.vite/deps/react-dom_client.js?v=ac28f7ea:12102
[  288658ms] [TIMESTAMP] Suspense Track @ http://localhost:5173/node_modules/.vite/deps/react-dom_client.js?v=ac28f7ea:12109
[  288658ms] [TIMESTAMP] Idle Track @ http://localhost:5173/node_modules/.vite/deps/react-dom_client.js?v=ac28f7ea:12116
[  288663ms] [TIMESTAMP] Render @ http://localhost:5173/node_modules/.vite/deps/react-dom_client.js?v=ac28f7ea:3314
[  288664ms] [TIMESTAMP] Commit @ http://localhost:5173/node_modules/.vite/deps/react-dom_client.js?v=ac28f7ea:12955
[  288664ms] [TIMESTAMP] DayPicker @ http://localhost:5173/node_modules/.vite/deps/react-dom_client.js?v=ac28f7ea:3200
[  288665ms] [TIMESTAMP] Remaining Effects @ http://localhost:5173/node_modules/.vite/deps/react-dom_client.js?v=ac28f7ea:13177
[  288671ms] [TIMESTAMP] Blocking Track @ http://localhost:5173/node_modules/.vite/deps/react-dom_client.js?v=ac28f7ea:12095
[  288672ms] [TIMESTAMP] Transition Track @ http://localhost:5173/node_modules/.vite/deps/react-dom_client.js?v=ac28f7ea:12102
[  288672ms] [TIMESTAMP] Suspense Track @ http://localhost:5173/node_modules/.vite/deps/react-dom_client.js?v=ac28f7ea:12109
[  288672ms] [TIMESTAMP] Idle Track @ http://localhost:5173/node_modules/.vite/deps/react-dom_client.js?v=ac28f7ea:12116
[  288672ms] [TIMESTAMP] Event: click @ http://localhost:5173/node_modules/.vite/deps/react-dom_client.js?v=ac28f7ea:12196
[  288672ms] [TIMESTAMP] Render @ http://localhost:5173/node_modules/.vite/deps/react-dom_client.js?v=ac28f7ea:3314
[  288673ms] [TIMESTAMP] DateRangePicker @ http://localhost:5173/node_modules/.vite/deps/react-dom_client.js?v=ac28f7ea:3200
[  288673ms] [TIMESTAMP] Remaining Effects @ http://localhost:5173/node_modules/.vite/deps/react-dom_client.js?v=ac28f7ea:13177
[  321983ms] [TIMESTAMP] Blocking Track @ http://localhost:5173/node_modules/.vite/deps/react-dom_client.js?v=ac28f7ea:12095
[  321983ms] [TIMESTAMP] Transition Track @ http://localhost:5173/node_modules/.vite/deps/react-dom_client.js?v=ac28f7ea:12102
[  321983ms] [TIMESTAMP] Suspense Track @ http://localhost:5173/node_modules/.vite/deps/react-dom_client.js?v=ac28f7ea:12109
[  321983ms] [TIMESTAMP] Idle Track @ http://localhost:5173/node_modules/.vite/deps/react-dom_client.js?v=ac28f7ea:12116
[  321983ms] [TIMESTAMP] Event: mousedown @ http://localhost:5173/node_modules/.vite/deps/react-dom_client.js?v=ac28f7ea:12196
[  321990ms] [TIMESTAMP] Blocking Track @ http://localhost:5173/node_modules/.vite/deps/react-dom_client.js?v=ac28f7ea:12095
[  321990ms] [TIMESTAMP] Transition Track @ http://localhost:5173/node_modules/.vite/deps/react-dom_client.js?v=ac28f7ea:12102
[  321990ms] [TIMESTAMP] Suspense Track @ http://localhost:5173/node_modules/.vite/deps/react-dom_client.js?v=ac28f7ea:12109
[  321990ms] [TIMESTAMP] Idle Track @ http://localhost:5173/node_modules/.vite/deps/react-dom_client.js?v=ac28f7ea:12116
[  321990ms] [TIMESTAMP] Event: click @ http://localhost:5173/node_modules/.vite/deps/react-dom_client.js?v=ac28f7ea:12196
[  321993ms] [TIMESTAMP] Render @ http://localhost:5173/node_modules/.vite/deps/react-dom_client.js?v=ac28f7ea:3314
[  321995ms] [TIMESTAMP] Commit @ http://localhost:5173/node_modules/.vite/deps/react-dom_client.js?v=ac28f7ea:12955
[  321995ms] [TIMESTAMP] Sidebar @ http://localhost:5173/node_modules/.vite/deps/react-dom_client.js?v=ac28f7ea:3200
[  321995ms] [TIMESTAMP] TasksPage @ http://localhost:5173/node_modules/.vite/deps/react-dom_client.js?v=ac28f7ea:3200
[  321995ms] [TIMESTAMP] Remaining Effects @ http://localhost:5173/node_modules/.vite/deps/react-dom_client.js?v=ac28f7ea:13177
[  327470ms] [TIMESTAMP] Blocking Track @ http://localhost:5173/node_modules/.vite/deps/react-dom_client.js?v=ac28f7ea:12095
[  327470ms] [TIMESTAMP] Transition Track @ http://localhost:5173/node_modules/.vite/deps/react-dom_client.js?v=ac28f7ea:12102
[  327470ms] [TIMESTAMP] Suspense Track @ http://localhost:5173/node_modules/.vite/deps/react-dom_client.js?v=ac28f7ea:12109
[  327470ms] [TIMESTAMP] Idle Track @ http://localhost:5173/node_modules/.vite/deps/react-dom_client.js?v=ac28f7ea:12116
[  327474ms] [TIMESTAMP] Render @ http://localhost:5173/node_modules/.vite/deps/react-dom_client.js?v=ac28f7ea:3314
[  327479ms] [TIMESTAMP] Commit @ http://localhost:5173/node_modules/.vite/deps/react-dom_client.js?v=ac28f7ea:12955
[  327480ms] [TIMESTAMP] TasksPage @ http://localhost:5173/node_modules/.vite/deps/react-dom_client.js?v=ac28f7ea:3200
[  327480ms] [TIMESTAMP] TaskModal @ http://localhost:5173/node_modules/.vite/deps/react-dom_client.js?v=ac28f7ea:3200
[  327480ms] [TIMESTAMP] DateRangePicker @ http://localhost:5173/node_modules/.vite/deps/react-dom_client.js?v=ac28f7ea:3200
[  327480ms] [TIMESTAMP] ChevronRight @ http://localhost:5173/node_modules/.vite/deps/react-dom_client.js?v=ac28f7ea:3200
[  327480ms] [TIMESTAMP] ForwardRef @ http://localhost:5173/node_modules/.vite/deps/react-dom_client.js?v=ac28f7ea:3200
[  327480ms] [TIMESTAMP] Remaining Effects @ http://localhost:5173/node_modules/.vite/deps/react-dom_client.js?v=ac28f7ea:13177
[  341438ms] [TIMESTAMP] Blocking Track @ http://localhost:5173/node_modules/.vite/deps/react-dom_client.js?v=ac28f7ea:12095
[  341438ms] [TIMESTAMP] Transition Track @ http://localhost:5173/node_modules/.vite/deps/react-dom_client.js?v=ac28f7ea:12102
[  341438ms] [TIMESTAMP] Suspense Track @ http://localhost:5173/node_modules/.vite/deps/react-dom_client.js?v=ac28f7ea:12109
[  341438ms] [TIMESTAMP] Idle Track @ http://localhost:5173/node_modules/.vite/deps/react-dom_client.js?v=ac28f7ea:12116
[  341439ms] [TIMESTAMP] Event: input @ http://localhost:5173/node_modules/.vite/deps/react-dom_client.js?v=ac28f7ea:12196
[  341440ms] [TIMESTAMP] Render @ http://localhost:5173/node_modules/.vite/deps/react-dom_client.js?v=ac28f7ea:3314
[  341440ms] [TIMESTAMP] Commit @ http://localhost:5173/node_modules/.vite/deps/react-dom_client.js?v=ac28f7ea:12955
[  341440ms] [TIMESTAMP] TaskModal @ http://localhost:5173/node_modules/.vite/deps/react-dom_client.js?v=ac28f7ea:3200
[  345892ms] [TIMESTAMP] Blocking Track @ http://localhost:5173/node_modules/.vite/deps/react-dom_client.js?v=ac28f7ea:12095
[  345892ms] [TIMESTAMP] Transition Track @ http://localhost:5173/node_modules/.vite/deps/react-dom_client.js?v=ac28f7ea:12102
[  345892ms] [TIMESTAMP] Suspense Track @ http://localhost:5173/node_modules/.vite/deps/react-dom_client.js?v=ac28f7ea:12109
[  345893ms] [TIMESTAMP] Idle Track @ http://localhost:5173/node_modules/.vite/deps/react-dom_client.js?v=ac28f7ea:12116
[  345893ms] [TIMESTAMP] Event: click @ http://localhost:5173/node_modules/.vite/deps/react-dom_client.js?v=ac28f7ea:12196
[  345900ms] [TIMESTAMP] Render @ http://localhost:5173/node_modules/.vite/deps/react-dom_client.js?v=ac28f7ea:3314
[  345901ms] [TIMESTAMP] Commit @ http://localhost:5173/node_modules/.vite/deps/react-dom_client.js?v=ac28f7ea:12955
[  345901ms] [TIMESTAMP] DateRangePicker @ http://localhost:5173/node_modules/.vite/deps/react-dom_client.js?v=ac28f7ea:3200
[  345901ms] [TIMESTAMP] DayPicker @ http://localhost:5173/node_modules/.vite/deps/react-dom_client.js?v=ac28f7ea:3200
[  345901ms] [TIMESTAMP] Root @ http://localhost:5173/node_modules/.vite/deps/react-dom_client.js?v=ac28f7ea:3200
[  345901ms] [TIMESTAMP] Months @ http://localhost:5173/node_modules/.vite/deps/react-dom_client.js?v=ac28f7ea:3200
[  345901ms] [TIMESTAMP] Nav @ http://localhost:5173/node_modules/.vite/deps/react-dom_client.js?v=ac28f7ea:3200
[  345901ms] [TIMESTAMP] Month @ http://localhost:5173/node_modules/.vite/deps/react-dom_client.js?v=ac28f7ea:3200
[  345901ms] [TIMESTAMP] MonthCaption @ http://localhost:5173/node_modules/.vite/deps/react-dom_client.js?v=ac28f7ea:3200
[  345902ms] [TIMESTAMP] CaptionLabel @ http://localhost:5173/node_modules/.vite/deps/react-dom_client.js?v=ac28f7ea:3200
[  345902ms] [TIMESTAMP] MonthGrid @ http://localhost:5173/node_modules/.vite/deps/react-dom_client.js?v=ac28f7ea:3200
[  345902ms] [TIMESTAMP] Weekdays @ http://localhost:5173/node_modules/.vite/deps/react-dom_client.js?v=ac28f7ea:3200
[  345902ms] [TIMESTAMP] Weeks @ http://localhost:5173/node_modules/.vite/deps/react-dom_client.js?v=ac28f7ea:3200
[  345902ms] [TIMESTAMP] Week @ http://localhost:5173/node_modules/.vite/deps/react-dom_client.js?v=ac28f7ea:3200
[  345902ms] [TIMESTAMP] Day @ http://localhost:5173/node_modules/.vite/deps/react-dom_client.js?v=ac28f7ea:3200
[  345902ms] [TIMESTAMP] DayButton @ http://localhost:5173/node_modules/.vite/deps/react-dom_client.js?v=ac28f7ea:3200
[  345902ms] [TIMESTAMP] Day @ http://localhost:5173/node_modules/.vite/deps/react-dom_client.js?v=ac28f7ea:3200
[  345903ms] [TIMESTAMP] DayButton @ http://localhost:5173/node_modules/.vite/deps/react-dom_client.js?v=ac28f7ea:3200
[  345903ms] [TIMESTAMP] Day @ http://localhost:5173/node_modules/.vite/deps/react-dom_client.js?v=ac28f7ea:3200
[  345903ms] [TIMESTAMP] DayButton @ http://localhost:5173/node_modules/.vite/deps/react-dom_client.js?v=ac28f7ea:3200
[  345903ms] [TIMESTAMP] Day @ http://localhost:5173/node_modules/.vite/deps/react-dom_client.js?v=ac28f7ea:3200
[  345903ms] [TIMESTAMP] DayButton @ http://localhost:5173/node_modules/.vite/deps/react-dom_client.js?v=ac28f7ea:3200
[  345903ms] [TIMESTAMP] Day @ http://localhost:5173/node_modules/.vite/deps/react-dom_client.js?v=ac28f7ea:3200
[  345903ms] [TIMESTAMP] DayButton @ http://localhost:5173/node_modules/.vite/deps/react-dom_client.js?v=ac28f7ea:3200
[  345903ms] [TIMESTAMP] Day @ http://localhost:5173/node_modules/.vite/deps/react-dom_client.js?v=ac28f7ea:3200
[  345903ms] [TIMESTAMP] DayButton @ http://localhost:5173/node_modules/.vite/deps/react-dom_client.js?v=ac28f7ea:3200
[  345903ms] [TIMESTAMP] Day @ http://localhost:5173/node_modules/.vite/deps/react-dom_client.js?v=ac28f7ea:3200
[  345903ms] [TIMESTAMP] DayButton @ http://localhost:5173/node_modules/.vite/deps/react-dom_client.js?v=ac28f7ea:3200
[  345904ms] [TIMESTAMP] Week @ http://localhost:5173/node_modules/.vite/deps/react-dom_client.js?v=ac28f7ea:3200
[  345904ms] [TIMESTAMP] Day @ http://localhost:5173/node_modules/.vite/deps/react-dom_client.js?v=ac28f7ea:3200
[  345904ms] [TIMESTAMP] DayButton @ http://localhost:5173/node_modules/.vite/deps/react-dom_client.js?v=ac28f7ea:3200
[  345904ms] [TIMESTAMP] Day @ http://localhost:5173/node_modules/.vite/deps/react-dom_client.js?v=ac28f7ea:3200
[  345904ms] [TIMESTAMP] DayButton @ http://localhost:5173/node_modules/.vite/deps/react-dom_client.js?v=ac28f7ea:3200
[  345904ms] [TIMESTAMP] Day @ http://localhost:5173/node_modules/.vite/deps/react-dom_client.js?v=ac28f7ea:3200
[  345904ms] [TIMESTAMP] DayButton @ http://localhost:5173/node_modules/.vite/deps/react-dom_client.js?v=ac28f7ea:3200
[  345904ms] [TIMESTAMP] Day @ http://localhost:5173/node_modules/.vite/deps/react-dom_client.js?v=ac28f7ea:3200
[  345904ms] [TIMESTAMP] DayButton @ http://localhost:5173/node_modules/.vite/deps/react-dom_client.js?v=ac28f7ea:3200
[  345905ms] [TIMESTAMP] Day @ http://localhost:5173/node_modules/.vite/deps/react-dom_client.js?v=ac28f7ea:3200
[  345905ms] [TIMESTAMP] DayButton @ http://localhost:5173/node_modules/.vite/deps/react-dom_client.js?v=ac28f7ea:3200
[  345905ms] [TIMESTAMP] Day @ http://localhost:5173/node_modules/.vite/deps/react-dom_client.js?v=ac28f7ea:3200
[  345905ms] [TIMESTAMP] DayButton @ http://localhost:5173/node_modules/.vite/deps/react-dom_client.js?v=ac28f7ea:3200
[  345905ms] [TIMESTAMP] Day @ http://localhost:5173/node_modules/.vite/deps/react-dom_client.js?v=ac28f7ea:3200
[  345905ms] [TIMESTAMP] DayButton @ http://localhost:5173/node_modules/.vite/deps/react-dom_client.js?v=ac28f7ea:3200
[  345905ms] [TIMESTAMP] Week @ http://localhost:5173/node_modules/.vite/deps/react-dom_client.js?v=ac28f7ea:3200
[  345905ms] [TIMESTAMP] Day @ http://localhost:5173/node_modules/.vite/deps/react-dom_client.js?v=ac28f7ea:3200
[  345906ms] [TIMESTAMP] DayButton @ http://localhost:5173/node_modules/.vite/deps/react-dom_client.js?v=ac28f7ea:3200
[  345906ms] [TIMESTAMP] Day @ http://localhost:5173/node_modules/.vite/deps/react-dom_client.js?v=ac28f7ea:3200
[  345907ms] [TIMESTAMP] DayButton @ http://localhost:5173/node_modules/.vite/deps/react-dom_client.js?v=ac28f7ea:3200
[  345907ms] [TIMESTAMP] Day @ http://localhost:5173/node_modules/.vite/deps/react-dom_client.js?v=ac28f7ea:3200
[  345907ms] [TIMESTAMP] DayButton @ http://localhost:5173/node_modules/.vite/deps/react-dom_client.js?v=ac28f7ea:3200
[  345907ms] [TIMESTAMP] Day @ http://localhost:5173/node_modules/.vite/deps/react-dom_client.js?v=ac28f7ea:3200
[  345907ms] [TIMESTAMP] DayButton @ http://localhost:5173/node_modules/.vite/deps/react-dom_client.js?v=ac28f7ea:3200
[  345907ms] [TIMESTAMP] Day @ http://localhost:5173/node_modules/.vite/deps/react-dom_client.js?v=ac28f7ea:3200
[  345907ms] [TIMESTAMP] DayButton @ http://localhost:5173/node_modules/.vite/deps/react-dom_client.js?v=ac28f7ea:3200
[  345907ms] [TIMESTAMP] Day @ http://localhost:5173/node_modules/.vite/deps/react-dom_client.js?v=ac28f7ea:3200
[  345908ms] [TIMESTAMP] DayButton @ http://localhost:5173/node_modules/.vite/deps/react-dom_client.js?v=ac28f7ea:3200
[  345908ms] [TIMESTAMP] Day @ http://localhost:5173/node_modules/.vite/deps/react-dom_client.js?v=ac28f7ea:3200
[  345908ms] [TIMESTAMP] DayButton @ http://localhost:5173/node_modules/.vite/deps/react-dom_client.js?v=ac28f7ea:3200
[  345908ms] [TIMESTAMP] Week @ http://localhost:5173/node_modules/.vite/deps/react-dom_client.js?v=ac28f7ea:3200
[  345908ms] [TIMESTAMP] Day @ http://localhost:5173/node_modules/.vite/deps/react-dom_client.js?v=ac28f7ea:3200
[  345908ms] [TIMESTAMP] DayButton @ http://localhost:5173/node_modules/.vite/deps/react-dom_client.js?v=ac28f7ea:3200
[  345908ms] [TIMESTAMP] Day @ http://localhost:5173/node_modules/.vite/deps/react-dom_client.js?v=ac28f7ea:3200
[  345908ms] [TIMESTAMP] DayButton @ http://localhost:5173/node_modules/.vite/deps/react-dom_client.js?v=ac28f7ea:3200
[  345909ms] [TIMESTAMP] Day @ http://localhost:5173/node_modules/.vite/deps/react-dom_client.js?v=ac28f7ea:3200
[  345909ms] [TIMESTAMP] DayButton @ http://localhost:5173/node_modules/.vite/deps/react-dom_client.js?v=ac28f7ea:3200
[  345909ms] [TIMESTAMP] Day @ http://localhost:5173/node_modules/.vite/deps/react-dom_client.js?v=ac28f7ea:3200
[  345909ms] [TIMESTAMP] DayButton @ http://localhost:5173/node_modules/.vite/deps/react-dom_client.js?v=ac28f7ea:3200
[  345909ms] [TIMESTAMP] Day @ http://localhost:5173/node_modules/.vite/deps/react-dom_client.js?v=ac28f7ea:3200
[  345909ms] [TIMESTAMP] DayButton @ http://localhost:5173/node_modules/.vite/deps/react-dom_client.js?v=ac28f7ea:3200
[  345909ms] [TIMESTAMP] Day @ http://localhost:5173/node_modules/.vite/deps/react-dom_client.js?v=ac28f7ea:3200
[  345909ms] [TIMESTAMP] DayButton @ http://localhost:5173/node_modules/.vite/deps/react-dom_client.js?v=ac28f7ea:3200
[  345909ms] [TIMESTAMP] Day @ http://localhost:5173/node_modules/.vite/deps/react-dom_client.js?v=ac28f7ea:3200
[  345909ms] [TIMESTAMP] DayButton @ http://localhost:5173/node_modules/.vite/deps/react-dom_client.js?v=ac28f7ea:3200
[  345909ms] [TIMESTAMP] Week @ http://localhost:5173/node_modules/.vite/deps/react-dom_client.js?v=ac28f7ea:3200
[  345909ms] [TIMESTAMP] Day @ http://localhost:5173/node_modules/.vite/deps/react-dom_client.js?v=ac28f7ea:3200
[  345909ms] [TIMESTAMP] DayButton @ http://localhost:5173/node_modules/.vite/deps/react-dom_client.js?v=ac28f7ea:3200
[  345909ms] [TIMESTAMP] Day @ http://localhost:5173/node_modules/.vite/deps/react-dom_client.js?v=ac28f7ea:3200
[  345909ms] [TIMESTAMP] DayButton @ http://localhost:5173/node_modules/.vite/deps/react-dom_client.js?v=ac28f7ea:3200
[  345909ms] [TIMESTAMP] Day @ http://localhost:5173/node_modules/.vite/deps/react-dom_client.js?v=ac28f7ea:3200
[  345910ms] [TIMESTAMP] DayButton @ http://localhost:5173/node_modules/.vite/deps/react-dom_client.js?v=ac28f7ea:3200
[  345910ms] [TIMESTAMP] Day @ http://localhost:5173/node_modules/.vite/deps/react-dom_client.js?v=ac28f7ea:3200
[  345910ms] [TIMESTAMP] DayButton @ http://localhost:5173/node_modules/.vite/deps/react-dom_client.js?v=ac28f7ea:3200
[  345910ms] [TIMESTAMP] Day @ http://localhost:5173/node_modules/.vite/deps/react-dom_client.js?v=ac28f7ea:3200
[  345910ms] [TIMESTAMP] DayButton @ http://localhost:5173/node_modules/.vite/deps/react-dom_client.js?v=ac28f7ea:3200
[  345910ms] [TIMESTAMP] Day @ http://localhost:5173/node_modules/.vite/deps/react-dom_client.js?v=ac28f7ea:3200
[  345910ms] [TIMESTAMP] DayButton @ http://localhost:5173/node_modules/.vite/deps/react-dom_client.js?v=ac28f7ea:3200
[  345910ms] [TIMESTAMP] Day @ http://localhost:5173/node_modules/.vite/deps/react-dom_client.js?v=ac28f7ea:3200
[  345910ms] [TIMESTAMP] DayButton @ http://localhost:5173/node_modules/.vite/deps/react-dom_client.js?v=ac28f7ea:3200
[  345910ms] [TIMESTAMP] DayPicker @ http://localhost:5173/node_modules/.vite/deps/react-dom_client.js?v=ac28f7ea:3291
[  345910ms] [TIMESTAMP] NextMonthButton @ http://localhost:5173/node_modules/.vite/deps/react-dom_client.js?v=ac28f7ea:3291
[  345911ms] [TIMESTAMP] Remaining Effects @ http://localhost:5173/node_modules/.vite/deps/react-dom_client.js?v=ac28f7ea:13177
[  345911ms] [TIMESTAMP] Blocking Track @ http://localhost:5173/node_modules/.vite/deps/react-dom_client.js?v=ac28f7ea:12095
[  345911ms] [TIMESTAMP] Transition Track @ http://localhost:5173/node_modules/.vite/deps/react-dom_client.js?v=ac28f7ea:12102
[  345912ms] [TIMESTAMP] Suspense Track @ http://localhost:5173/node_modules/.vite/deps/react-dom_client.js?v=ac28f7ea:12109
[  345912ms] [TIMESTAMP] Idle Track @ http://localhost:5173/node_modules/.vite/deps/react-dom_client.js?v=ac28f7ea:12116
[  345914ms] [TIMESTAMP] Render @ http://localhost:5173/node_modules/.vite/deps/react-dom_client.js?v=ac28f7ea:3314
[  345915ms] [TIMESTAMP] Commit @ http://localhost:5173/node_modules/.vite/deps/react-dom_client.js?v=ac28f7ea:12955
[  345918ms] [TIMESTAMP] Waiting for Paint @ http://localhost:5173/node_modules/.vite/deps/react-dom_client.js?v=ac28f7ea:13132
[  345919ms] [TIMESTAMP] DayPicker @ http://localhost:5173/node_modules/.vite/deps/react-dom_client.js?v=ac28f7ea:3200
[  358371ms] [TIMESTAMP] Blocking Track @ http://localhost:5173/node_modules/.vite/deps/react-dom_client.js?v=ac28f7ea:12095
[  358372ms] [TIMESTAMP] Transition Track @ http://localhost:5173/node_modules/.vite/deps/react-dom_client.js?v=ac28f7ea:12102
[  358372ms] [TIMESTAMP] Suspense Track @ http://localhost:5173/node_modules/.vite/deps/react-dom_client.js?v=ac28f7ea:12109
[  358372ms] [TIMESTAMP] Idle Track @ http://localhost:5173/node_modules/.vite/deps/react-dom_client.js?v=ac28f7ea:12116
[  358376ms] [TIMESTAMP] Render @ http://localhost:5173/node_modules/.vite/deps/react-dom_client.js?v=ac28f7ea:3314
[  358378ms] [TIMESTAMP] Commit @ http://localhost:5173/node_modules/.vite/deps/react-dom_client.js?v=ac28f7ea:12955
[  358378ms] [TIMESTAMP] DayPicker @ http://localhost:5173/node_modules/.vite/deps/react-dom_client.js?v=ac28f7ea:3200
[  358378ms] [TIMESTAMP] Remaining Effects @ http://localhost:5173/node_modules/.vite/deps/react-dom_client.js?v=ac28f7ea:13177
[  358385ms] [TIMESTAMP] Blocking Track @ http://localhost:5173/node_modules/.vite/deps/react-dom_client.js?v=ac28f7ea:12095
[  358386ms] [TIMESTAMP] Transition Track @ http://localhost:5173/node_modules/.vite/deps/react-dom_client.js?v=ac28f7ea:12102
[  358386ms] [TIMESTAMP] Suspense Track @ http://localhost:5173/node_modules/.vite/deps/react-dom_client.js?v=ac28f7ea:12109
[  358386ms] [TIMESTAMP] Idle Track @ http://localhost:5173/node_modules/.vite/deps/react-dom_client.js?v=ac28f7ea:12116
[  358386ms] [TIMESTAMP] Event: click @ http://localhost:5173/node_modules/.vite/deps/react-dom_client.js?v=ac28f7ea:12196
[  358394ms] [TIMESTAMP] Render @ http://localhost:5173/node_modules/.vite/deps/react-dom_client.js?v=ac28f7ea:3314
[  358395ms] [TIMESTAMP] TaskModal @ http://localhost:5173/node_modules/.vite/deps/react-dom_client.js?v=ac28f7ea:3200
[  358396ms] [TIMESTAMP] Remaining Effects @ http://localhost:5173/node_modules/.vite/deps/react-dom_client.js?v=ac28f7ea:13177
[  362365ms] [TIMESTAMP] Blocking Track @ http://localhost:5173/node_modules/.vite/deps/react-dom_client.js?v=ac28f7ea:12095
[  362365ms] [TIMESTAMP] Transition Track @ http://localhost:5173/node_modules/.vite/deps/react-dom_client.js?v=ac28f7ea:12102
[  362366ms] [TIMESTAMP] Suspense Track @ http://localhost:5173/node_modules/.vite/deps/react-dom_client.js?v=ac28f7ea:12109
[  362366ms] [TIMESTAMP] Idle Track @ http://localhost:5173/node_modules/.vite/deps/react-dom_client.js?v=ac28f7ea:12116
[  362371ms] [TIMESTAMP] Render @ http://localhost:5173/node_modules/.vite/deps/react-dom_client.js?v=ac28f7ea:3314
[  362372ms] [TIMESTAMP] Commit @ http://localhost:5173/node_modules/.vite/deps/react-dom_client.js?v=ac28f7ea:12955
[  362372ms] [TIMESTAMP] DayPicker @ http://localhost:5173/node_modules/.vite/deps/react-dom_client.js?v=ac28f7ea:3200
[  362372ms] [TIMESTAMP] Remaining Effects @ http://localhost:5173/node_modules/.vite/deps/react-dom_client.js?v=ac28f7ea:13177
[  362372ms] [TIMESTAMP] Blocking Track @ http://localhost:5173/node_modules/.vite/deps/react-dom_client.js?v=ac28f7ea:12095
[  362373ms] [TIMESTAMP] Transition Track @ http://localhost:5173/node_modules/.vite/deps/react-dom_client.js?v=ac28f7ea:12102
[  362373ms] [TIMESTAMP] Suspense Track @ http://localhost:5173/node_modules/.vite/deps/react-dom_client.js?v=ac28f7ea:12109
[  362373ms] [TIMESTAMP] Idle Track @ http://localhost:5173/node_modules/.vite/deps/react-dom_client.js?v=ac28f7ea:12116
[  362378ms] [TIMESTAMP] Render @ http://localhost:5173/node_modules/.vite/deps/react-dom_client.js?v=ac28f7ea:3314
[  362379ms] [TIMESTAMP] Commit @ http://localhost:5173/node_modules/.vite/deps/react-dom_client.js?v=ac28f7ea:12955
[  362379ms] [TIMESTAMP] DayPicker @ http://localhost:5173/node_modules/.vite/deps/react-dom_client.js?v=ac28f7ea:3200
[  362386ms] [TIMESTAMP] Blocking Track @ http://localhost:5173/node_modules/.vite/deps/react-dom_client.js?v=ac28f7ea:12095
[  362386ms] [TIMESTAMP] Transition Track @ http://localhost:5173/node_modules/.vite/deps/react-dom_client.js?v=ac28f7ea:12102
[  362386ms] [TIMESTAMP] Suspense Track @ http://localhost:5173/node_modules/.vite/deps/react-dom_client.js?v=ac28f7ea:12109
[  362386ms] [TIMESTAMP] Idle Track @ http://localhost:5173/node_modules/.vite/deps/react-dom_client.js?v=ac28f7ea:12116
[  362386ms] [TIMESTAMP] Event: click @ http://localhost:5173/node_modules/.vite/deps/react-dom_client.js?v=ac28f7ea:12196
[  362393ms] [TIMESTAMP] Render @ http://localhost:5173/node_modules/.vite/deps/react-dom_client.js?v=ac28f7ea:3314
[  362395ms] [TIMESTAMP] Commit @ http://localhost:5173/node_modules/.vite/deps/react-dom_client.js?v=ac28f7ea:12955
[  362395ms] [TIMESTAMP] TaskModal @ http://localhost:5173/node_modules/.vite/deps/react-dom_client.js?v=ac28f7ea:3200
[  362396ms] [TIMESTAMP] Remaining Effects @ http://localhost:5173/node_modules/.vite/deps/react-dom_client.js?v=ac28f7ea:13177
[  417470ms] [TIMESTAMP] Blocking Track @ http://localhost:5173/node_modules/.vite/deps/react-dom_client.js?v=ac28f7ea:12095
[  417470ms] [TIMESTAMP] Transition Track @ http://localhost:5173/node_modules/.vite/deps/react-dom_client.js?v=ac28f7ea:12102
[  417470ms] [TIMESTAMP] Suspense Track @ http://localhost:5173/node_modules/.vite/deps/react-dom_client.js?v=ac28f7ea:12109
[  417470ms] [TIMESTAMP] Idle Track @ http://localhost:5173/node_modules/.vite/deps/react-dom_client.js?v=ac28f7ea:12116
[  417471ms] [TIMESTAMP] Render @ http://localhost:5173/node_modules/.vite/deps/react-dom_client.js?v=ac28f7ea:3314
[  417472ms] [TIMESTAMP] Commit @ http://localhost:5173/node_modules/.vite/deps/react-dom_client.js?v=ac28f7ea:12955
[  417472ms] [TIMESTAMP] Waiting @ http://localhost:5173/node_modules/.vite/deps/react-dom_client.js?v=ac28f7ea:13132
[  417472ms] [TIMESTAMP] TasksPage @ http://localhost:5173/node_modules/.vite/deps/react-dom_client.js?v=ac28f7ea:3200
[  419855ms] [TIMESTAMP] Blocking Track @ http://localhost:5173/node_modules/.vite/deps/react-dom_client.js?v=ac28f7ea:12095
[  419855ms] [TIMESTAMP] Transition Track @ http://localhost:5173/node_modules/.vite/deps/react-dom_client.js?v=ac28f7ea:12102
[  419855ms] [TIMESTAMP] Suspense Track @ http://localhost:5173/node_modules/.vite/deps/react-dom_client.js?v=ac28f7ea:12109
[  419855ms] [TIMESTAMP] Idle Track @ http://localhost:5173/node_modules/.vite/deps/react-dom_client.js?v=ac28f7ea:12116
[  419855ms] [TIMESTAMP] Event: mouseout @ http://localhost:5173/node_modules/.vite/deps/react-dom_client.js?v=ac28f7ea:12196
[  419858ms] [TIMESTAMP] Render @ http://localhost:5173/node_modules/.vite/deps/react-dom_client.js?v=ac28f7ea:3314
[  419859ms] [TIMESTAMP] Commit @ http://localhost:5173/node_modules/.vite/deps/react-dom_client.js?v=ac28f7ea:12955
[  419861ms] [TIMESTAMP] Sidebar @ http://localhost:5173/node_modules/.vite/deps/react-dom_client.js?v=ac28f7ea:3200
[  419917ms] [TIMESTAMP] Blocking Track @ http://localhost:5173/node_modules/.vite/deps/react-dom_client.js?v=ac28f7ea:12095
[  419918ms] [TIMESTAMP] Transition Track @ http://localhost:5173/node_modules/.vite/deps/react-dom_client.js?v=ac28f7ea:12102
[  419918ms] [TIMESTAMP] Suspense Track @ http://localhost:5173/node_modules/.vite/deps/react-dom_client.js?v=ac28f7ea:12109
[  419918ms] [TIMESTAMP] Idle Track @ http://localhost:5173/node_modules/.vite/deps/react-dom_client.js?v=ac28f7ea:12116
[  419919ms] [TIMESTAMP] Render @ http://localhost:5173/node_modules/.vite/deps/react-dom_client.js?v=ac28f7ea:3314
[  419920ms] [TIMESTAMP] Waiting for Paint @ http://localhost:5173/node_modules/.vite/deps/react-dom_client.js?v=ac28f7ea:13132
[  419921ms] [TIMESTAMP] Sidebar @ http://localhost:5173/node_modules/.vite/deps/react-dom_client.js?v=ac28f7ea:3200
[  419959ms] [TIMESTAMP] Blocking Track @ http://localhost:5173/node_modules/.vite/deps/react-dom_client.js?v=ac28f7ea:12095
[  419959ms] [TIMESTAMP] Transition Track @ http://localhost:5173/node_modules/.vite/deps/react-dom_client.js?v=ac28f7ea:12102
[  419959ms] [TIMESTAMP] Suspense Track @ http://localhost:5173/node_modules/.vite/deps/react-dom_client.js?v=ac28f7ea:12109
[  419959ms] [TIMESTAMP] Idle Track @ http://localhost:5173/node_modules/.vite/deps/react-dom_client.js?v=ac28f7ea:12116
[  419962ms] [TIMESTAMP] Render @ http://localhost:5173/node_modules/.vite/deps/react-dom_client.js?v=ac28f7ea:3314
[  419962ms] [TIMESTAMP] Commit @ http://localhost:5173/node_modules/.vite/deps/react-dom_client.js?v=ac28f7ea:12955
[  419962ms] [TIMESTAMP] Sidebar @ http://localhost:5173/node_modules/.vite/deps/react-dom_client.js?v=ac28f7ea:3200
[  420235ms] [TIMESTAMP] Blocking Track @ http://localhost:5173/node_modules/.vite/deps/react-dom_client.js?v=ac28f7ea:12095
[  420235ms] [TIMESTAMP] Transition Track @ http://localhost:5173/node_modules/.vite/deps/react-dom_client.js?v=ac28f7ea:12102
[  420235ms] [TIMESTAMP] Suspense Track @ http://localhost:5173/node_modules/.vite/deps/react-dom_client.js?v=ac28f7ea:12109
[  420235ms] [TIMESTAMP] Idle Track @ http://localhost:5173/node_modules/.vite/deps/react-dom_client.js?v=ac28f7ea:12116
[  420235ms] [TIMESTAMP] Event: click @ http://localhost:5173/node_modules/.vite/deps/react-dom_client.js?v=ac28f7ea:12196
[  420237ms] [TIMESTAMP] Render @ http://localhost:5173/node_modules/.vite/deps/react-dom_client.js?v=ac28f7ea:3314
[  420238ms] [TIMESTAMP] Sidebar @ http://localhost:5173/node_modules/.vite/deps/react-dom_client.js?v=ac28f7ea:3200
[  420570ms] [TIMESTAMP] Blocking Track @ http://localhost:5173/node_modules/.vite/deps/react-dom_client.js?v=ac28f7ea:12095
[  420571ms] [TIMESTAMP] Transition Track @ http://localhost:5173/node_modules/.vite/deps/react-dom_client.js?v=ac28f7ea:12102
[  420571ms] [TIMESTAMP] Suspense Track @ http://localhost:5173/node_modules/.vite/deps/react-dom_client.js?v=ac28f7ea:12109
[  420571ms] [TIMESTAMP] Idle Track @ http://localhost:5173/node_modules/.vite/deps/react-dom_client.js?v=ac28f7ea:12116
[  420573ms] [TIMESTAMP] Render @ http://localhost:5173/node_modules/.vite/deps/react-dom_client.js?v=ac28f7ea:3314
[  420574ms] [TIMESTAMP] Sidebar @ http://localhost:5173/node_modules/.vite/deps/react-dom_client.js?v=ac28f7ea:3200
[  420599ms] [TIMESTAMP] Blocking Track @ http://localhost:5173/node_modules/.vite/deps/react-dom_client.js?v=ac28f7ea:12095
[  420599ms] [TIMESTAMP] Transition Track @ http://localhost:5173/node_modules/.vite/deps/react-dom_client.js?v=ac28f7ea:12102
[  420599ms] [TIMESTAMP] Suspense Track @ http://localhost:5173/node_modules/.vite/deps/react-dom_client.js?v=ac28f7ea:12109
[  420599ms] [TIMESTAMP] Idle Track @ http://localhost:5173/node_modules/.vite/deps/react-dom_client.js?v=ac28f7ea:12116
[  420602ms] [TIMESTAMP] Render @ http://localhost:5173/node_modules/.vite/deps/react-dom_client.js?v=ac28f7ea:3314
[  420603ms] [TIMESTAMP] Waiting for Paint @ http://localhost:5173/node_modules/.vite/deps/react-dom_client.js?v=ac28f7ea:13132
[  420603ms] [TIMESTAMP] Sidebar @ http://localhost:5173/node_modules/.vite/deps/react-dom_client.js?v=ac28f7ea:3200
[  420855ms] [TIMESTAMP] Blocking Track @ http://localhost:5173/node_modules/.vite/deps/react-dom_client.js?v=ac28f7ea:12095
[  420856ms] [TIMESTAMP] Transition Track @ http://localhost:5173/node_modules/.vite/deps/react-dom_client.js?v=ac28f7ea:12102
[  420856ms] [TIMESTAMP] Suspense Track @ http://localhost:5173/node_modules/.vite/deps/react-dom_client.js?v=ac28f7ea:12109
[  420856ms] [TIMESTAMP] Idle Track @ http://localhost:5173/node_modules/.vite/deps/react-dom_client.js?v=ac28f7ea:12116
[  420856ms] [TIMESTAMP] Event: click @ http://localhost:5173/node_modules/.vite/deps/react-dom_client.js?v=ac28f7ea:12196
[  420856ms] [LOG] 🚀 App component rendering @ http://localhost:5173/src/App.tsx?t=1775421417724:10
[  420856ms] [LOG] 📄 Current page: resources @ http://localhost:5173/src/App.tsx?t=1775421417724:16
[  420856ms] [LOG] 🚀 App component rendering @ http://localhost:5173/src/App.tsx?t=1775421417724:10
[  420856ms] [LOG] 📄 Current page: resources @ http://localhost:5173/src/App.tsx?t=1775421417724:16
[  420858ms] [TIMESTAMP] Render @ http://localhost:5173/node_modules/.vite/deps/react-dom_client.js?v=ac28f7ea:3314
[  420859ms] [TIMESTAMP] Commit @ http://localhost:5173/node_modules/.vite/deps/react-dom_client.js?v=ac28f7ea:12955
[  420859ms] [TIMESTAMP] App @ http://localhost:5173/node_modules/.vite/deps/react-dom_client.js?v=ac28f7ea:3200
[  420859ms] [TIMESTAMP] ResourcesPage @ http://localhost:5173/node_modules/.vite/deps/react-dom_client.js?v=ac28f7ea:3200
[  420859ms] [TIMESTAMP] LayoutDashboard @ http://localhost:5173/node_modules/.vite/deps/react-dom_client.js?v=ac28f7ea:3200
[  420859ms] [TIMESTAMP] ForwardRef @ http://localhost:5173/node_modules/.vite/deps/react-dom_client.js?v=ac28f7ea:3200
[  420859ms] [TIMESTAMP] Remaining Effects @ http://localhost:5173/node_modules/.vite/deps/react-dom_client.js?v=ac28f7ea:13177
[  420904ms] [TIMESTAMP] Blocking Track @ http://localhost:5173/node_modules/.vite/deps/react-dom_client.js?v=ac28f7ea:12095
[  420905ms] [TIMESTAMP] Transition Track @ http://localhost:5173/node_modules/.vite/deps/react-dom_client.js?v=ac28f7ea:12102
[  420905ms] [TIMESTAMP] Suspense Track @ http://localhost:5173/node_modules/.vite/deps/react-dom_client.js?v=ac28f7ea:12109
[  420905ms] [TIMESTAMP] Idle Track @ http://localhost:5173/node_modules/.vite/deps/react-dom_client.js?v=ac28f7ea:12116
[  420906ms] [TIMESTAMP] Render @ http://localhost:5173/node_modules/.vite/deps/react-dom_client.js?v=ac28f7ea:3314
[  420907ms] [TIMESTAMP] Sidebar @ http://localhost:5173/node_modules/.vite/deps/react-dom_client.js?v=ac28f7ea:3200
[  420918ms] [TIMESTAMP] Blocking Track @ http://localhost:5173/node_modules/.vite/deps/react-dom_client.js?v=ac28f7ea:12095
[  420918ms] [TIMESTAMP] Transition Track @ http://localhost:5173/node_modules/.vite/deps/react-dom_client.js?v=ac28f7ea:12102
[  420918ms] [TIMESTAMP] Suspense Track @ http://localhost:5173/node_modules/.vite/deps/react-dom_client.js?v=ac28f7ea:12109
[  420918ms] [TIMESTAMP] Idle Track @ http://localhost:5173/node_modules/.vite/deps/react-dom_client.js?v=ac28f7ea:12116
[  420920ms] [TIMESTAMP] Render @ http://localhost:5173/node_modules/.vite/deps/react-dom_client.js?v=ac28f7ea:3314
[  420920ms] [TIMESTAMP] Commit @ http://localhost:5173/node_modules/.vite/deps/react-dom_client.js?v=ac28f7ea:12955
[  420920ms] [TIMESTAMP] Sidebar @ http://localhost:5173/node_modules/.vite/deps/react-dom_client.js?v=ac28f7ea:3200
[  420959ms] [TIMESTAMP] Blocking Track @ http://localhost:5173/node_modules/.vite/deps/react-dom_client.js?v=ac28f7ea:12095
[  420960ms] [TIMESTAMP] Transition Track @ http://localhost:5173/node_modules/.vite/deps/react-dom_client.js?v=ac28f7ea:12102
[  420961ms] [TIMESTAMP] Suspense Track @ http://localhost:5173/node_modules/.vite/deps/react-dom_client.js?v=ac28f7ea:12109
[  420961ms] [TIMESTAMP] Idle Track @ http://localhost:5173/node_modules/.vite/deps/react-dom_client.js?v=ac28f7ea:12116
[  420961ms] [TIMESTAMP] Event: mouseout @ http://localhost:5173/node_modules/.vite/deps/react-dom_client.js?v=ac28f7ea:12196
[  420961ms] [TIMESTAMP] Render @ http://localhost:5173/node_modules/.vite/deps/react-dom_client.js?v=ac28f7ea:3314
[  420962ms] [TIMESTAMP] Waiting for Paint @ http://localhost:5173/node_modules/.vite/deps/react-dom_client.js?v=ac28f7ea:13132
[  420962ms] [TIMESTAMP] Sidebar @ http://localhost:5173/node_modules/.vite/deps/react-dom_client.js?v=ac28f7ea:3200
[  421077ms] [TIMESTAMP] Blocking Track @ http://localhost:5173/node_modules/.vite/deps/react-dom_client.js?v=ac28f7ea:12095
[  421078ms] [TIMESTAMP] Transition Track @ http://localhost:5173/node_modules/.vite/deps/react-dom_client.js?v=ac28f7ea:12102
[  421078ms] [TIMESTAMP] Suspense Track @ http://localhost:5173/node_modules/.vite/deps/react-dom_client.js?v=ac28f7ea:12109
[  421078ms] [TIMESTAMP] Idle Track @ http://localhost:5173/node_modules/.vite/deps/react-dom_client.js?v=ac28f7ea:12116
[  421078ms] [TIMESTAMP] Event: mouseout @ http://localhost:5173/node_modules/.vite/deps/react-dom_client.js?v=ac28f7ea:12196
[  421080ms] [TIMESTAMP] Render @ http://localhost:5173/node_modules/.vite/deps/react-dom_client.js?v=ac28f7ea:3314
[  421081ms] [TIMESTAMP] Waiting for Paint @ http://localhost:5173/node_modules/.vite/deps/react-dom_client.js?v=ac28f7ea:13132
[  421081ms] [TIMESTAMP] Sidebar @ http://localhost:5173/node_modules/.vite/deps/react-dom_client.js?v=ac28f7ea:3200
[  421195ms] [TIMESTAMP] Blocking Track @ http://localhost:5173/node_modules/.vite/deps/react-dom_client.js?v=ac28f7ea:12095
[  421196ms] [TIMESTAMP] Transition Track @ http://localhost:5173/node_modules/.vite/deps/react-dom_client.js?v=ac28f7ea:12102
[  421196ms] [TIMESTAMP] Suspense Track @ http://localhost:5173/node_modules/.vite/deps/react-dom_client.js?v=ac28f7ea:12109
[  421196ms] [TIMESTAMP] Idle Track @ http://localhost:5173/node_modules/.vite/deps/react-dom_client.js?v=ac28f7ea:12116
[  421198ms] [TIMESTAMP] Render @ http://localhost:5173/node_modules/.vite/deps/react-dom_client.js?v=ac28f7ea:3314
[  421198ms] [TIMESTAMP] Commit @ http://localhost:5173/node_modules/.vite/deps/react-dom_client.js?v=ac28f7ea:12955
[  421198ms] [TIMESTAMP] Sidebar @ http://localhost:5173/node_modules/.vite/deps/react-dom_client.js?v=ac28f7ea:3200
[  421230ms] [TIMESTAMP] Blocking Track @ http://localhost:5173/node_modules/.vite/deps/react-dom_client.js?v=ac28f7ea:12095
[  421230ms] [TIMESTAMP] Transition Track @ http://localhost:5173/node_modules/.vite/deps/react-dom_client.js?v=ac28f7ea:12102
[  421230ms] [TIMESTAMP] Suspense Track @ http://localhost:5173/node_modules/.vite/deps/react-dom_client.js?v=ac28f7ea:12109
[  421230ms] [TIMESTAMP] Idle Track @ http://localhost:5173/node_modules/.vite/deps/react-dom_client.js?v=ac28f7ea:12116
[  421231ms] [TIMESTAMP] Event: mouseout @ http://localhost:5173/node_modules/.vite/deps/react-dom_client.js?v=ac28f7ea:12196
[  421232ms] [TIMESTAMP] Render @ http://localhost:5173/node_modules/.vite/deps/react-dom_client.js?v=ac28f7ea:3314
[  421233ms] [TIMESTAMP] Commit @ http://localhost:5173/node_modules/.vite/deps/react-dom_client.js?v=ac28f7ea:12955
[  421233ms] [TIMESTAMP] Sidebar @ http://localhost:5173/node_modules/.vite/deps/react-dom_client.js?v=ac28f7ea:3200
[  421405ms] [TIMESTAMP] Blocking Track @ http://localhost:5173/node_modules/.vite/deps/react-dom_client.js?v=ac28f7ea:12095
[  421405ms] [TIMESTAMP] Transition Track @ http://localhost:5173/node_modules/.vite/deps/react-dom_client.js?v=ac28f7ea:12102
[  421406ms] [TIMESTAMP] Suspense Track @ http://localhost:5173/node_modules/.vite/deps/react-dom_client.js?v=ac28f7ea:12109
[  421406ms] [TIMESTAMP] Idle Track @ http://localhost:5173/node_modules/.vite/deps/react-dom_client.js?v=ac28f7ea:12116
[  421406ms] [TIMESTAMP] Event: click @ http://localhost:5173/node_modules/.vite/deps/react-dom_client.js?v=ac28f7ea:12196
[  421408ms] [TIMESTAMP] Render @ http://localhost:5173/node_modules/.vite/deps/react-dom_client.js?v=ac28f7ea:3314
[  421408ms] [TIMESTAMP] Commit @ http://localhost:5173/node_modules/.vite/deps/react-dom_client.js?v=ac28f7ea:12955
[  421409ms] [TIMESTAMP] Sidebar @ http://localhost:5173/node_modules/.vite/deps/react-dom_client.js?v=ac28f7ea:3200
[  421461ms] [TIMESTAMP] Blocking Track @ http://localhost:5173/node_modules/.vite/deps/react-dom_client.js?v=ac28f7ea:12095
[  421462ms] [TIMESTAMP] Transition Track @ http://localhost:5173/node_modules/.vite/deps/react-dom_client.js?v=ac28f7ea:12102
[  421464ms] [TIMESTAMP] Suspense Track @ http://localhost:5173/node_modules/.vite/deps/react-dom_client.js?v=ac28f7ea:12109
[  421466ms] [TIMESTAMP] Idle Track @ http://localhost:5173/node_modules/.vite/deps/react-dom_client.js?v=ac28f7ea:12116
[  421466ms] [TIMESTAMP] Render @ http://localhost:5173/node_modules/.vite/deps/react-dom_client.js?v=ac28f7ea:3314
[  421466ms] [TIMESTAMP] Commit @ http://localhost:5173/node_modules/.vite/deps/react-dom_client.js?v=ac28f7ea:12955
[  421467ms] [TIMESTAMP] Sidebar @ http://localhost:5173/node_modules/.vite/deps/react-dom_client.js?v=ac28f7ea:3200
[  422051ms] [TIMESTAMP] Blocking Track @ http://localhost:5173/node_modules/.vite/deps/react-dom_client.js?v=ac28f7ea:12095
[  422051ms] [TIMESTAMP] Transition Track @ http://localhost:5173/node_modules/.vite/deps/react-dom_client.js?v=ac28f7ea:12102
[  422051ms] [TIMESTAMP] Suspense Track @ http://localhost:5173/node_modules/.vite/deps/react-dom_client.js?v=ac28f7ea:12109
[  422052ms] [TIMESTAMP] Idle Track @ http://localhost:5173/node_modules/.vite/deps/react-dom_client.js?v=ac28f7ea:12116
[  422052ms] [LOG] 🚀 App component rendering @ http://localhost:5173/src/App.tsx?t=1775421417724:10
[  422052ms] [LOG] 📄 Current page: timeline @ http://localhost:5173/src/App.tsx?t=1775421417724:16
[  422052ms] [LOG] 🚀 App component rendering @ http://localhost:5173/src/App.tsx?t=1775421417724:10
[  422052ms] [LOG] 📄 Current page: timeline @ http://localhost:5173/src/App.tsx?t=1775421417724:16
[  422063ms] [TIMESTAMP] Render @ http://localhost:5173/node_modules/.vite/deps/react-dom_client.js?v=ac28f7ea:3314
[  422063ms] [TIMESTAMP] Commit @ http://localhost:5173/node_modules/.vite/deps/react-dom_client.js?v=ac28f7ea:12955
[  422068ms] [TIMESTAMP] Waiting for Paint @ http://localhost:5173/node_modules/.vite/deps/react-dom_client.js?v=ac28f7ea:13132
[  422069ms] [TIMESTAMP] App @ http://localhost:5173/node_modules/.vite/deps/react-dom_client.js?v=ac28f7ea:3200
[  422069ms] [TIMESTAMP] TimelinePage @ http://localhost:5173/node_modules/.vite/deps/react-dom_client.js?v=ac28f7ea:3200
[  422069ms] [TIMESTAMP] DateRangePicker @ http://localhost:5173/node_modules/.vite/deps/react-dom_client.js?v=ac28f7ea:3200
[  422069ms] [TIMESTAMP] DndContext2 @ http://localhost:5173/node_modules/.vite/deps/react-dom_client.js?v=ac28f7ea:3200
[  422069ms] [TIMESTAMP] SortableContext @ http://localhost:5173/node_modules/.vite/deps/react-dom_client.js?v=ac28f7ea:3200
[  422069ms] [TIMESTAMP] RestoreFocus @ http://localhost:5173/node_modules/.vite/deps/react-dom_client.js?v=ac28f7ea:3200
[  422069ms] [TIMESTAMP] Accessibility @ http://localhost:5173/node_modules/.vite/deps/react-dom_client.js?v=ac28f7ea:3200
[  422069ms] [TIMESTAMP] Accessibility @ http://localhost:5173/node_modules/.vite/deps/react-dom_client.js?v=ac28f7ea:3291
[  422069ms] [TIMESTAMP] Plus @ http://localhost:5173/node_modules/.vite/deps/react-dom_client.js?v=ac28f7ea:3200
[  422070ms] [TIMESTAMP] ForwardRef @ http://localhost:5173/node_modules/.vite/deps/react-dom_client.js?v=ac28f7ea:3200
[  422070ms] [TIMESTAMP] SelectionHighlightLayer @ http://localhost:5173/node_modules/.vite/deps/react-dom_client.js?v=ac28f7ea:3200
[  422070ms] [TIMESTAMP] ParameterModal @ http://localhost:5173/node_modules/.vite/deps/react-dom_client.js?v=ac28f7ea:3200
[  422070ms] [TIMESTAMP] DndContext2 @ http://localhost:5173/node_modules/.vite/deps/react-dom_client.js?v=ac28f7ea:3291
[  422071ms] [TIMESTAMP] Remaining Effects @ http://localhost:5173/node_modules/.vite/deps/react-dom_client.js?v=ac28f7ea:13177
[  422073ms] [TIMESTAMP] Blocking Track @ http://localhost:5173/node_modules/.vite/deps/react-dom_client.js?v=ac28f7ea:12095
[  422073ms] [TIMESTAMP] Transition Track @ http://localhost:5173/node_modules/.vite/deps/react-dom_client.js?v=ac28f7ea:12102
[  422073ms] [TIMESTAMP] Suspense Track @ http://localhost:5173/node_modules/.vite/deps/react-dom_client.js?v=ac28f7ea:12109
[  422073ms] [TIMESTAMP] Idle Track @ http://localhost:5173/node_modules/.vite/deps/react-dom_client.js?v=ac28f7ea:12116
[  422079ms] [TIMESTAMP] Render @ http://localhost:5173/node_modules/.vite/deps/react-dom_client.js?v=ac28f7ea:3314
[  422079ms] [TIMESTAMP] Commit @ http://localhost:5173/node_modules/.vite/deps/react-dom_client.js?v=ac28f7ea:12955
[  422080ms] [TIMESTAMP] TimelinePage @ http://localhost:5173/node_modules/.vite/deps/react-dom_client.js?v=ac28f7ea:3200
[  422080ms] [TIMESTAMP] Blocking Track @ http://localhost:5173/node_modules/.vite/deps/react-dom_client.js?v=ac28f7ea:12095
[  422080ms] [TIMESTAMP] Transition Track @ http://localhost:5173/node_modules/.vite/deps/react-dom_client.js?v=ac28f7ea:12102
[  422080ms] [TIMESTAMP] Suspense Track @ http://localhost:5173/node_modules/.vite/deps/react-dom_client.js?v=ac28f7ea:12109
[  422080ms] [TIMESTAMP] Idle Track @ http://localhost:5173/node_modules/.vite/deps/react-dom_client.js?v=ac28f7ea:12116
[  422081ms] [TIMESTAMP] Render @ http://localhost:5173/node_modules/.vite/deps/react-dom_client.js?v=ac28f7ea:3314
[  422166ms] [TIMESTAMP] Blocking Track @ http://localhost:5173/node_modules/.vite/deps/react-dom_client.js?v=ac28f7ea:12095
[  422166ms] [TIMESTAMP] Transition Track @ http://localhost:5173/node_modules/.vite/deps/react-dom_client.js?v=ac28f7ea:12102
[  422166ms] [TIMESTAMP] Suspense Track @ http://localhost:5173/node_modules/.vite/deps/react-dom_client.js?v=ac28f7ea:12109
[  422166ms] [TIMESTAMP] Idle Track @ http://localhost:5173/node_modules/.vite/deps/react-dom_client.js?v=ac28f7ea:12116
[  422166ms] [TIMESTAMP] Event: click @ http://localhost:5173/node_modules/.vite/deps/react-dom_client.js?v=ac28f7ea:12196
[  422168ms] [TIMESTAMP] Render @ http://localhost:5173/node_modules/.vite/deps/react-dom_client.js?v=ac28f7ea:3314
[  422169ms] [TIMESTAMP] Sidebar @ http://localhost:5173/node_modules/.vite/deps/react-dom_client.js?v=ac28f7ea:3200
[  423018ms] [TIMESTAMP] Blocking Track @ http://localhost:5173/node_modules/.vite/deps/react-dom_client.js?v=ac28f7ea:12095
[  423018ms] [TIMESTAMP] Transition Track @ http://localhost:5173/node_modules/.vite/deps/react-dom_client.js?v=ac28f7ea:12102
[  423018ms] [TIMESTAMP] Suspense Track @ http://localhost:5173/node_modules/.vite/deps/react-dom_client.js?v=ac28f7ea:12109
[  423019ms] [TIMESTAMP] Idle Track @ http://localhost:5173/node_modules/.vite/deps/react-dom_client.js?v=ac28f7ea:12116
[  423019ms] [TIMESTAMP] Event: click @ http://localhost:5173/node_modules/.vite/deps/react-dom_client.js?v=ac28f7ea:12196
[  423023ms] [TIMESTAMP] Render @ http://localhost:5173/node_modules/.vite/deps/react-dom_client.js?v=ac28f7ea:3314
[  423024ms] [TIMESTAMP] TimelinePage @ http://localhost:5173/node_modules/.vite/deps/react-dom_client.js?v=ac28f7ea:3200
[  423024ms] [TIMESTAMP] Remaining Effects @ http://localhost:5173/node_modules/.vite/deps/react-dom_client.js?v=ac28f7ea:13177
[  458376ms] [TIMESTAMP] Blocking Track @ http://localhost:5173/node_modules/.vite/deps/react-dom_client.js?v=ac28f7ea:12095
[  458376ms] [TIMESTAMP] Transition Track @ http://localhost:5173/node_modules/.vite/deps/react-dom_client.js?v=ac28f7ea:12102
[  458376ms] [TIMESTAMP] Suspense Track @ http://localhost:5173/node_modules/.vite/deps/react-dom_client.js?v=ac28f7ea:12109
[  458377ms] [TIMESTAMP] Idle Track @ http://localhost:5173/node_modules/.vite/deps/react-dom_client.js?v=ac28f7ea:12116
[  458378ms] [TIMESTAMP] Render @ http://localhost:5173/node_modules/.vite/deps/react-dom_client.js?v=ac28f7ea:3314
[  458379ms] [TIMESTAMP] Sidebar @ http://localhost:5173/node_modules/.vite/deps/react-dom_client.js?v=ac28f7ea:3200
[  458385ms] [TIMESTAMP] Blocking Track @ http://localhost:5173/node_modules/.vite/deps/react-dom_client.js?v=ac28f7ea:12095
[  458385ms] [TIMESTAMP] Transition Track @ http://localhost:5173/node_modules/.vite/deps/react-dom_client.js?v=ac28f7ea:12102
[  458386ms] [TIMESTAMP] Suspense Track @ http://localhost:5173/node_modules/.vite/deps/react-dom_client.js?v=ac28f7ea:12109
[  458386ms] [TIMESTAMP] Idle Track @ http://localhost:5173/node_modules/.vite/deps/react-dom_client.js?v=ac28f7ea:12116
[  458386ms] [TIMESTAMP] Event: mouseout @ http://localhost:5173/node_modules/.vite/deps/react-dom_client.js?v=ac28f7ea:12196
[  458388ms] [TIMESTAMP] Render @ http://localhost:5173/node_modules/.vite/deps/react-dom_client.js?v=ac28f7ea:3314
[  458388ms] [TIMESTAMP] Commit @ http://localhost:5173/node_modules/.vite/deps/react-dom_client.js?v=ac28f7ea:12955
[  458388ms] [TIMESTAMP] Sidebar @ http://localhost:5173/node_modules/.vite/deps/react-dom_client.js?v=ac28f7ea:3200
[  458814ms] [TIMESTAMP] Blocking Track @ http://localhost:5173/node_modules/.vite/deps/react-dom_client.js?v=ac28f7ea:12095
[  458814ms] [TIMESTAMP] Transition Track @ http://localhost:5173/node_modules/.vite/deps/react-dom_client.js?v=ac28f7ea:12102
[  458815ms] [TIMESTAMP] Suspense Track @ http://localhost:5173/node_modules/.vite/deps/react-dom_client.js?v=ac28f7ea:12109
[  458815ms] [TIMESTAMP] Idle Track @ http://localhost:5173/node_modules/.vite/deps/react-dom_client.js?v=ac28f7ea:12116
[  458815ms] [TIMESTAMP] Event: mouseout @ http://localhost:5173/node_modules/.vite/deps/react-dom_client.js?v=ac28f7ea:12196
[  458816ms] [TIMESTAMP] Render @ http://localhost:5173/node_modules/.vite/deps/react-dom_client.js?v=ac28f7ea:3314
[  458817ms] [TIMESTAMP] Commit @ http://localhost:5173/node_modules/.vite/deps/react-dom_client.js?v=ac28f7ea:12955
[  458817ms] [TIMESTAMP] Sidebar @ http://localhost:5173/node_modules/.vite/deps/react-dom_client.js?v=ac28f7ea:3200
[  458849ms] [TIMESTAMP] Blocking Track @ http://localhost:5173/node_modules/.vite/deps/react-dom_client.js?v=ac28f7ea:12095
[  458850ms] [TIMESTAMP] Transition Track @ http://localhost:5173/node_modules/.vite/deps/react-dom_client.js?v=ac28f7ea:12102
[  458850ms] [TIMESTAMP] Suspense Track @ http://localhost:5173/node_modules/.vite/deps/react-dom_client.js?v=ac28f7ea:12109
[  458850ms] [TIMESTAMP] Idle Track @ http://localhost:5173/node_modules/.vite/deps/react-dom_client.js?v=ac28f7ea:12116
[  458851ms] [TIMESTAMP] Render @ http://localhost:5173/node_modules/.vite/deps/react-dom_client.js?v=ac28f7ea:3314
[  458852ms] [TIMESTAMP] Commit @ http://localhost:5173/node_modules/.vite/deps/react-dom_client.js?v=ac28f7ea:12955
[  458852ms] [TIMESTAMP] Sidebar @ http://localhost:5173/node_modules/.vite/deps/react-dom_client.js?v=ac28f7ea:3200
[  458856ms] [TIMESTAMP] Blocking Track @ http://localhost:5173/node_modules/.vite/deps/react-dom_client.js?v=ac28f7ea:12095
[  458857ms] [TIMESTAMP] Transition Track @ http://localhost:5173/node_modules/.vite/deps/react-dom_client.js?v=ac28f7ea:12102
[  458857ms] [TIMESTAMP] Suspense Track @ http://localhost:5173/node_modules/.vite/deps/react-dom_client.js?v=ac28f7ea:12109
[  458857ms] [TIMESTAMP] Idle Track @ http://localhost:5173/node_modules/.vite/deps/react-dom_client.js?v=ac28f7ea:12116
[  458858ms] [TIMESTAMP] Render @ http://localhost:5173/node_modules/.vite/deps/react-dom_client.js?v=ac28f7ea:3314
[  458859ms] [TIMESTAMP] Commit @ http://localhost:5173/node_modules/.vite/deps/react-dom_client.js?v=ac28f7ea:12955
[  458859ms] [TIMESTAMP] Sidebar @ http://localhost:5173/node_modules/.vite/deps/react-dom_client.js?v=ac28f7ea:3200
[  459049ms] [TIMESTAMP] Blocking Track @ http://localhost:5173/node_modules/.vite/deps/react-dom_client.js?v=ac28f7ea:12095
[  459050ms] [TIMESTAMP] Transition Track @ http://localhost:5173/node_modules/.vite/deps/react-dom_client.js?v=ac28f7ea:12102
[  459050ms] [TIMESTAMP] Suspense Track @ http://localhost:5173/node_modules/.vite/deps/react-dom_client.js?v=ac28f7ea:12109
[  459050ms] [TIMESTAMP] Idle Track @ http://localhost:5173/node_modules/.vite/deps/react-dom_client.js?v=ac28f7ea:12116
[  459051ms] [TIMESTAMP] Render @ http://localhost:5173/node_modules/.vite/deps/react-dom_client.js?v=ac28f7ea:3314
[  459052ms] [TIMESTAMP] Commit @ http://localhost:5173/node_modules/.vite/deps/react-dom_client.js?v=ac28f7ea:12955
[  459052ms] [TIMESTAMP] Sidebar @ http://localhost:5173/node_modules/.vite/deps/react-dom_client.js?v=ac28f7ea:3200
[  459071ms] [TIMESTAMP] Blocking Track @ http://localhost:5173/node_modules/.vite/deps/react-dom_client.js?v=ac28f7ea:12095
[  459071ms] [TIMESTAMP] Transition Track @ http://localhost:5173/node_modules/.vite/deps/react-dom_client.js?v=ac28f7ea:12102
[  459072ms] [TIMESTAMP] Suspense Track @ http://localhost:5173/node_modules/.vite/deps/react-dom_client.js?v=ac28f7ea:12109
[  459072ms] [TIMESTAMP] Idle Track @ http://localhost:5173/node_modules/.vite/deps/react-dom_client.js?v=ac28f7ea:12116
[  459074ms] [TIMESTAMP] Render @ http://localhost:5173/node_modules/.vite/deps/react-dom_client.js?v=ac28f7ea:3314
[  459075ms] [TIMESTAMP] Waiting for Paint @ http://localhost:5173/node_modules/.vite/deps/react-dom_client.js?v=ac28f7ea:13132
[  459076ms] [TIMESTAMP] Sidebar @ http://localhost:5173/node_modules/.vite/deps/react-dom_client.js?v=ac28f7ea:3200
[  459256ms] [TIMESTAMP] Blocking Track @ http://localhost:5173/node_modules/.vite/deps/react-dom_client.js?v=ac28f7ea:12095
[  459256ms] [TIMESTAMP] Transition Track @ http://localhost:5173/node_modules/.vite/deps/react-dom_client.js?v=ac28f7ea:12102
[  459256ms] [TIMESTAMP] Suspense Track @ http://localhost:5173/node_modules/.vite/deps/react-dom_client.js?v=ac28f7ea:12109
[  459256ms] [TIMESTAMP] Idle Track @ http://localhost:5173/node_modules/.vite/deps/react-dom_client.js?v=ac28f7ea:12116
[  459256ms] [TIMESTAMP] Event: click @ http://localhost:5173/node_modules/.vite/deps/react-dom_client.js?v=ac28f7ea:12196
[  459256ms] [LOG] 🚀 App component rendering @ http://localhost:5173/src/App.tsx?t=1775421417724:10
[  459256ms] [LOG] 📄 Current page: tasks @ http://localhost:5173/src/App.tsx?t=1775421417724:16
[  459256ms] [LOG] 🚀 App component rendering @ http://localhost:5173/src/App.tsx?t=1775421417724:10
[  459256ms] [LOG] 📄 Current page: tasks @ http://localhost:5173/src/App.tsx?t=1775421417724:16
[  459259ms] [TIMESTAMP] Render @ http://localhost:5173/node_modules/.vite/deps/react-dom_client.js?v=ac28f7ea:3314
[  459259ms] [TIMESTAMP] Commit @ http://localhost:5173/node_modules/.vite/deps/react-dom_client.js?v=ac28f7ea:12955
[  459260ms] [TIMESTAMP] App @ http://localhost:5173/node_modules/.vite/deps/react-dom_client.js?v=ac28f7ea:3200
[  459260ms] [TIMESTAMP] TasksPage @ http://localhost:5173/node_modules/.vite/deps/react-dom_client.js?v=ac28f7ea:3200
[  459260ms] [TIMESTAMP] Remaining Effects @ http://localhost:5173/node_modules/.vite/deps/react-dom_client.js?v=ac28f7ea:13177
[  459320ms] [TIMESTAMP] Blocking Track @ http://localhost:5173/node_modules/.vite/deps/react-dom_client.js?v=ac28f7ea:12095
[  459321ms] [TIMESTAMP] Transition Track @ http://localhost:5173/node_modules/.vite/deps/react-dom_client.js?v=ac28f7ea:12102
[  459321ms] [TIMESTAMP] Suspense Track @ http://localhost:5173/node_modules/.vite/deps/react-dom_client.js?v=ac28f7ea:12109
[  459321ms] [TIMESTAMP] Idle Track @ http://localhost:5173/node_modules/.vite/deps/react-dom_client.js?v=ac28f7ea:12116
[  459323ms] [TIMESTAMP] Render @ http://localhost:5173/node_modules/.vite/deps/react-dom_client.js?v=ac28f7ea:3314
[  459323ms] [TIMESTAMP] Commit @ http://localhost:5173/node_modules/.vite/deps/react-dom_client.js?v=ac28f7ea:12955
[  459323ms] [TIMESTAMP] Sidebar @ http://localhost:5173/node_modules/.vite/deps/react-dom_client.js?v=ac28f7ea:3200
[  459744ms] [TIMESTAMP] Blocking Track @ http://localhost:5173/node_modules/.vite/deps/react-dom_client.js?v=ac28f7ea:12095
[  459745ms] [TIMESTAMP] Transition Track @ http://localhost:5173/node_modules/.vite/deps/react-dom_client.js?v=ac28f7ea:12102
[  459745ms] [TIMESTAMP] Suspense Track @ http://localhost:5173/node_modules/.vite/deps/react-dom_client.js?v=ac28f7ea:12109
[  459745ms] [TIMESTAMP] Idle Track @ http://localhost:5173/node_modules/.vite/deps/react-dom_client.js?v=ac28f7ea:12116
[  459745ms] [TIMESTAMP] Event: click @ http://localhost:5173/node_modules/.vite/deps/react-dom_client.js?v=ac28f7ea:12196
[  459748ms] [TIMESTAMP] Render @ http://localhost:5173/node_modules/.vite/deps/react-dom_client.js?v=ac28f7ea:3314
[  459758ms] [TIMESTAMP] Commit @ http://localhost:5173/node_modules/.vite/deps/react-dom_client.js?v=ac28f7ea:12955
[  459758ms] [TIMESTAMP] TasksPage @ http://localhost:5173/node_modules/.vite/deps/react-dom_client.js?v=ac28f7ea:3200
[  459760ms] [TIMESTAMP] TaskModal @ http://localhost:5173/node_modules/.vite/deps/react-dom_client.js?v=ac28f7ea:3200
[  459762ms] [TIMESTAMP] DateRangePicker @ http://localhost:5173/node_modules/.vite/deps/react-dom_client.js?v=ac28f7ea:3200
[  460607ms] [TIMESTAMP] Blocking Track @ http://localhost:5173/node_modules/.vite/deps/react-dom_client.js?v=ac28f7ea:12095
[  460607ms] [TIMESTAMP] Transition Track @ http://localhost:5173/node_modules/.vite/deps/react-dom_client.js?v=ac28f7ea:12102
[  460607ms] [TIMESTAMP] Suspense Track @ http://localhost:5173/node_modules/.vite/deps/react-dom_client.js?v=ac28f7ea:12109
[  460607ms] [TIMESTAMP] Idle Track @ http://localhost:5173/node_modules/.vite/deps/react-dom_client.js?v=ac28f7ea:12116
[  460607ms] [TIMESTAMP] Event: click @ http://localhost:5173/node_modules/.vite/deps/react-dom_client.js?v=ac28f7ea:12196
[  460608ms] [TIMESTAMP] Render @ http://localhost:5173/node_modules/.vite/deps/react-dom_client.js?v=ac28f7ea:3314
[  460608ms] [TIMESTAMP] Commit @ http://localhost:5173/node_modules/.vite/deps/react-dom_client.js?v=ac28f7ea:12955
[  460609ms] [TIMESTAMP] TasksPage @ http://localhost:5173/node_modules/.vite/deps/react-dom_client.js?v=ac28f7ea:3200
